,title,genre,year,country,rate,description
0,Чебурашка 2,"Фэнтези, Комедия, Приключения, Семейный",2026,Россия,8.4,"Уже год Чебурашка живет у Гены. Шаловливый ушастик вполне освоился и теперь стремится к самостоятельности, а его опекуну все чаще приходится проявлять строгость. Очередное баловство Чебурашки рискует сорвать празднование дня рождения Сони. Чтобы избежать наказания, пушистик сбегает в горы вместе с друзьями. У Гены и без того хватает проблем: на месте его дома планируют построить парк аттракционов. Но неожиданно ради спасения детей взрослые сплачиваются и находят выход из непростой ситуации."
1,Несвятая Валентина,"Комедия, Мелодрама",2026,Россия,7.4,"Зимняя романтическая комедия с Анастасией Красовской и Глебом Калюжным. Валя работает в цветочном магазине и ненавидит День святого Валентина. Девушке ужасно не везет с партнерами, и теперь у нее открывается аллергия на нежные чувства окружающих. А влюблены вокруг Вали практически все: родители, друзья, коллеги. Но стоит ей чихнуть, как в парах вспыхивают конфликты! Помочь подруге разобраться в происходящем вызывается Рома, которого недавно бросили."
2,Добрый доктор,Комедия,2026,Россия,8.5,"Комедия от создателей «Полицейский с Рублевки. Новогодний беспредел». Участковый врач Олег Семеныч Мандрыкин привык в одиночку справляться с многочисленными пациентами. Но прямо перед Новым годом его сбивает курьер Дима, отчего доктор оказывается не в состоянии разъезжать по вызовам. Однако у виновника ДТП есть незаконченное медицинское образование, и Олег Семеныч уговаривает курьера поработать вместо себя."
3,Праведник,"Драма, История, Военный",2023,Россия,8.9,"Александр Яценко, Константин Хабенский и Марк Эйдельштейн в военной драме, основанной на подвиге советского офицера во время Великой Отечественной войны. 1942 год. Партизан отряда «Мститель» Николай Киселев получает сложнейшее задание — вывести две сотни еврейских беженцев с оккупированных врагами белорусских территорий. В качестве подмоги у Киселева всего семь партизан, а вокруг вражеские группы и ловушки. Николаю предстоит пройти полторы тысячи километров вместе с измученными голодом детьми, женщинами и стариками, чтобы добраться до безопасного места и обрести надежду на будущее."
4,Мистер Нокаут,"Драма, Спорт, Биография",2022,Россия,8.9,"Драматичный путь к славе советского атлета, ставшего победителем престижнейших соревнований. Молодой и талантливый чемпион из Ташкента Валерий Попенченко теряет страсть к боксу. Опытный тренер Григорий Кусикьянц замечает в парне огромный потенциал. Он берется за перевоспитание и подготовку одаренного спортсмена, чтобы сделать из него будущего победителя Олимпийских игр."
5,На острие,"Драма, Спорт",2019,Россия,9.0,"Александра Покровская долго и упорно поднималась на вершину турнирной таблицы. Став лидером российской сборной, она поставила последнюю цель — взять олимпийское золото и завершить карьеру. Неожиданно для всех, в битву за медаль вступает 19-летняя Кира из небольшого провинциального городка. Юная саблистка с легкостью побеждает соперниц и становится сенсацией в СМИ. Одержимость победой сталкивает лбами двух одаренных соперниц не только на соревнованиях, но и в жизни. Чем обернется битва вчерашней юниорки с чемпионкой мира?"
6,Алиса в Стране Чудес (2025),"Фэнтези, Приключения, Мюзикл",2025,Россия,7.1,"Яркое музыкальное приключение по стихам Владимира Высоцкого со звездным актерским составом. 15-летняя школьница Алиса попадает в Страну Чудес. Среди жителей она узнает своих родных, знакомых и друзей, но никто из них не узнает Алису. Чтобы вернуться домой, Алисе предстоит преодолеть множество препятствий и, наконец, повзрослеть. Ведь только повзрослев, она сможет спасти Страну Чудес от настоящей катастрофы."
7,Культурная комедия,Комедия,2024,Россия,8.4,"Комедия с Алексеем Чадовым и Юрием Стояновым о ценности культурного наследия. Циничный чиновник из Перми Виктор Летаев контролирует постройку дороги и интересуется исключительно своей сферой деятельности. Внезапно он узнает, что теперь регион заинтересован в развитии направления культуры и искусства. Чтобы не потерять работу, Виктор берется за изучение культурного наследия Пермского края, в чем ему пытается помочь молодая искусствовед Марина Николаевна."
8,Первый на Олимпе,"Драма, Спорт, Биография",2025,Россия,9.0,"История завоевания первого олимпийского золота СССР в академической гребле. Молодой блокадник Юра Тюкалов после войны начинает заниматься академической греблей. Но пережитые парнем драматичные события лишают его моральных и физических сил для интенсивных тренировок. Знакомство с наставниками Михаилом и Верой Савримович позволяет Юре начать жизнь с чистого листа и раскрыть свой потенциал. Впереди у юного спортсмена Олимпиада в Хельсинки, победить в которой ему помогут талант, стремление к цели, любовь и родная команда."
9,"Двое в одной жизни, не считая собаки",Мелодрама,2025,Россия,8.7,"Жизненная и добрая картина получила приз зрительских симпатий на ММКФ-2025. Интеллигентная супружеская пара пенсионеров Людмила Павловна и Игорь Николаевич живут одни в уютной квартире в центре Санкт-Петербурга. Их дети выросли и уехали, а компанию милым старикам составляет верная собака Пуля. Добрые, спокойные и терпеливые супруги с мудростью и оптимизмом встречают жизненные трудности и периодически принимают в своем доме тех, кому необходимо их тепло и поддержка."
10,Голосовой помощник,"Ужасы, Триллер",2025,Россия,8.5,"Напряженный хоррор о технологиях, которые обернулись против человека. Компания бывших однокурсников устраивает мини-отпуск в уютном загородном доме. В коттедже есть все удобства, включая умную колонку «Алену». Она умеет управлять домом, а еще знает, как развеселить заскучавшую компанию. Устройство предлагает гостям сыграть в игру, целью которой станет поиск правды о гибели их подруги. Сначала молодежь воспринимает предложение с шуткой, но, когда начинают вскрываться страшные тайны, каждый понимает, что попал в жестокую игру на выбывание."
11,Сон царя зверей,"Фэнтези, Приключения, Семейный",2026,Россия,7.5,"Короткая история с персонажами из мира «Волшебника Изумрудного города». Как-то Трусливый Лев видит сон, в котором начинает сбываться его сокровенная мечта, но совсем не так, как ему бы хотелось. Королева мышей Рамина обнаруживает признаки царя зверей в… Тотошке! Это крайне удивляет Льва, и между героями разворачивается забавная борьба за почетный титул. Однако вскоре они поймут, что быть царем – дело непростое и не такое интересное, как они себе нафантазировали."
12,Новогоднее письмо,"Драма, Комедия",2025,Россия,8.6,"Больше 30 лет Васо прожил в браке с любимой женой. Его жизнь внезапно переворачивает письмо от женщины из далекого прошлого, которая сообщает, что в Красноярске у него есть дочь. За три дня до Нового года он отправляется из солнечного Тбилиси в снежную Сибирь, чтобы разыскать своего ребенка. По пути он встречает таких же растерянных людей, которым необходимо совершить невозможное."
13,Стажёр по-русски,Комедия,2025,Россия,8.6,"Жизнь сотрудников обычной многопрофильной компании резко меняется, когда в нее устраивается курьером седовласый Николай Борисович. Позитивный пожилой мужчина подходит к работе с юмором, успешно выполняет заказы и стремительно поднимается по карьерной лестнице. На шее у старика всегда висит полароид, и каждое свое достижение он фиксирует на пленку, а затем кому-то отправляет по почте. Коллеги подозревают, что у нового сотрудника есть тайна, и решают ее разгадать."
14,Сводишь с ума,"Комедия, Мелодрама, Фэнтези",2025,Россия,8.9,"Романтическая комедия о фантастической любви героев из разных реальностей. Алиса переезжает в большую питерскую квартиру, где происходит нечто таинственное. Девушка видит в зеркале альтернативную реальность. Однако в том мире в квартире живет не она, а тусовщик Иван. Смогут ли герои распознать настоящую любовь и получится ли у них найти путь друг к другу?"
15,Стальная хватка,"Драма, Спорт, Биография",2023,США,7.3,"Суровый рестлер пытается любой ценой сделать из сыновей чемпионов. Боец Фриц фон Эрих не смог добиться больших успехов на ринге, но твердо решил, что его наследники станут лучшими в рестлинге. Сыновья Фрица начинают свой путь к вершине большого спорта, однако семейству фон Эрих предстоит заплатить за славу высокую цену."
16,Постучись в мою Тверь,"Комедия, Мелодрама",2025,Россия,8.4,"Романтическая комедия с сельским колоритом от братьев Андреасян. Столичная бизнесвумен Алиса отправляется в Тверскую область, чтобы выкупить участок земли у местного фермера Сергея. Но когда он узнает, что на месте его владений собираются строить завод, то разрывает сделку и просит девушку немедленно уехать. Но путь обратно преграждает внезапный ураган. Сергей вынужден приютить Алису, но с одним условием: отработкой на ферме. Бизнесвумен с радостью соглашается, ведь это отличная возможность уговорить Сергея на продажу земли. Но справится ли городская красотка с суровой деревенской жизнью?"
17,Олень,"Комедия, Драма, Мелодрама, Фэнтези",2025,СССР,8.7,"Андрей частенько соблазняет девушек и использует их чувства в корыстных целях. Очередной жертвой мачо становится Настя, внучка настоящей ведьмы. Тогда бабушка решает проучить подлеца и награждает его оленьими рогами. Избавиться от них Андрею поможет только взаимная любовь, но сам он едва ли понимает, что это значит. К счастью, Настя соглашается помочь несчастному и берется за перевоспитание."
18,Кракен,"Боевик, Фантастика, Драма",2025,Россия,8.7,"Захватывающий экшн от создателей «Т-34» и «Экипаж». Ракетный крейсер под командованием Александра Воронина пропадает с радаров во время важной миссии в Гренландском море. На субмарине установлено новое секретное оружие, которое не должно попасть в руки врагов. Брату капитана, Виктору Воронину, позволяют руководить спасательной операцией, но приставляют к нему адмирала Ольшанского во избежание импульсивных решений. Экипаж успел многое повидать и совсем не верит в сказки о морских чудовищах. Кто мог подумать, что геологические исследования пробудят от сна существо, казавшееся древним мифом."
19,Пророк. История Александра Пушкина,"Драма, Биография",2025,Россия,7.8,"Фильм, о котором говорит вся страна. История, ставшая легендой. Александр Пушкин — дерзкий, блистательный, гениальный. Он покоряет литературный мир, завоевывает сердца светского общества, а самые красивые женщины мечтают о его внимании. Каждое его слово — вызов, каждая строка — бессмертная поэзия. Но даже величайший талант не может скрыться от судьбы: ссылки, безденежье и власть, пытающаяся его сломать. Это история любви, свободы и феноменального таланта. Это история жизни, прожитой на грани, и трагической развязки, превратившей человека в бессмертный символ целой эпохи! Номинант на премию «Оскар» Юра Борисов в роли, которая уже вошла в историю, в фильме, который уже стал событием."
20,По-братски,Комедия,2025,Россия,8.0,"Комедия об улетном путешествии. Антон и Света Лебедевы решают развестись. Чтобы оформить все по закону, им приходится поехать в далекий северный городок Нежногорье, где был заключен их брак. Неожиданно в этом путешествии компанию супругам составляют соседи Валентин и Варвара Бублики с сыном Платоном. Поездка оборачивается для Антона и Светы безумным приключением, которое заставит их посмотреть на жизнь другими глазами."
21,Екатерина Великая,"Драма, Документальный, История",2025,Россия,8.7,"Продолжение исторических фильмов Андрея Кравчука, куда входят ленты «Пётр I. Последний царь и первый император» и «Императрицы». Сюжет драмы развернется вокруг правления Екатерины II Великой. В юности ей суждено было стать невестой Петра III и матерью будущего наследника престола. Но сильная и целеустремленная женщина хотела одного — править. Екатерина видела большой потенциал в Российской империи и мечтала воплотить свои идеи в жизнь, чтобы превратить страну в мощную, просвещенную державу. Она взошла на престол в результате государственного переворота и стала одной из величайших правительниц, прочно закрепив себя в истории России. Роли Екатерины Великой сыграли Анна Михалкова и Ольга Лерман."
22,Восхитительно!,"Драма, Комедия, История",2021,Франция,8.8,"Жизнеутверждающее кино с французским шармом. 1789 год. В канун Великой французской революции герцог Шамфор увольняет повара Мансерона и прогоняет его из своего замка. После этого Мансерон впадает в депрессию и теряет страсть к кулинарии. Все меняется, когда он встречает незнакомку Луиз, умоляющую обучить ее кулинарному искусству. Постепенно изгнанный повар пробуждает в себе любовь к своему делу и открывает трактир с изысканной кухней, которому суждено прогреметь на всю округу."
23,Анора,"Драма, Комедия, Мелодрама",2024,США,6.8,"Марк Эйдельштейн, Майки Мэдисон и Юра Борисов в романтическом драмеди с 5 премиями «Оскар», включая приз за лучший фильм. Очаровательная Анора танцует в бруклинском стрип-клубе. Знания русского языка помогают ей познакомиться с Ваней – избалованным сыном олигарха из России. Встреча с мажором превращает жизнь девушки в сказку, и совсем скоро пара женится. Только вот родители парня готовы пойти на все, чтобы импульсивный брак распался."
24,Пара на пару,"Комедия, Мелодрама",2025,Россия,7.9,"Ромком о любовном многоугольнике. Стеснительный преподаватель литературы Костя пытается вернуть свою жену Олю, которая ушла к обеспеченному мужчине постарше Сергею. Чтобы получить возможность поговорить с возлюбленной, он идет на отчаянный шаг и сближается с дочерью Сергея Соней. Девушка не горит желанием вступать в отношения с преподавателем, но пользуется этой возможностью, планируя поиграть на нервах отца перед его новой пассией. Внезапно супруги встречаются под одной крышей, но в разных парах."
25,Мужу привет,Мелодрама,2025,Россия,8.8,"Трогательная и душевная картина Антона Маслова отмечена специальным призом на ММКФ-2025. Жизнерадостная и оптимистичная работница ЗАГСа Екатерина день за днем соединяет судьбы влюбленных, только вот ее личная жизнь давно остановилась. Уже несколько лет супруг героини находится в коме, но Екатерина преданно ждет, когда муж придет в себя. Однако случайная встреча с обаятельным Георгием стремительно преображает жизнь женщины, вынуждая ее сделать сложнейший выбор."
26,Рейс навылет,"Боевик, Комедия, Криминал",2025,США,8.3,"Бывший спецагент должен сразиться с армией киллеров на борту самолета, чтобы добраться до таинственной цели. Когда-то Лукас Рейес работал в секретной службе, а теперь с трудом выживает в Бангкоке, часто прикладываясь к бутылке. Неожиданно он получает от бывшего руководства задание сесть на рейс до Сан-Франциско и найти на борту крайне важного хакера по прозвищу Призрак, внешность которого неизвестна. Рейес берется за дело, но уже скоро осознает, что не только он, но и целая армия безжалостных киллеров преследует его цель."
27,Один хороший день,Комедия,2025,Россия,8.7,"Катя живет в поселке Жупа. Мама хочет поскорее выдать ее замуж, а сама девушка твердо намерена уехать в Москву и стать модельером. План побега уже готов, но внезапно Катя попадает во временную петлю. Удастся ли ей выбраться из бесконечного дня или она навеки останется в Жупе?"
28,Капитан Крюк,"Комедия, Драма, Спорт",2025,Россия,8.9,"Из-за проблем с тяжелым характером в прошлом звездный хоккеист Никита Крюков вынужден поставить карьеру в спорте на паузу. Он отправляется в родной город, где знакомится с маленькой дочерью мамы от второго брака Женькой. Девочка фанатеет от старшего брата и уговаривает его стать тренером детской хоккейной команды, за которую она выступает. По просьбе матери Никита все-таки соглашается заглянуть на занятия ребят и внезапно обретает мотивацию остаться и взяться за подготовку юных спортсменов. Однако истинная причина такого решения вряд ли обрадует его младшую сестру."
29,"Человек, который смеётся",Комедия,2026,Россия,8.4,"Ироничная комедия с Евгением Цыгановым и Сергеем Гармашем. Звезда боевиков Дмитрий получает роль киллера в криминальной драме состоятельного предпринимателя из Сибири Сергея. Во время съемок из ружья внезапно вылетает настоящая дробь и попадает брутальному актеру в пятую точку. Из-за повреждения нервных окончаний артиста начинает одолевать необычный побочный эффект. Теперь любая эмоция актера выражается неконтролируемым смехом. Покинуть проект нельзя, так что Дмитрию придется продолжить съемки и постараться не огорчить влиятельного бизнесмена."
30,Совсем ошалели,"Комедия, Мелодрама",2024,Россия,8.5,"Ольга готовится отметить Новый год в уютном шале на горнолыжном курорте с возлюбленным Кириллом. Но на месте узнает, что из-за ошибки турфирмы вынуждена жить в доме с бывшим мужем Федором и его новой девушкой Мариной. Ирония судьбы грозит полностью испортить праздничный отдых двум парам, если только они не смогут уладить разногласия в канун Нового года."
31,Наша Russia. 8 марта,Комедия,2025,Россия,7.8,"Встречайте проект «Наша Russia» в новом образе — полноценном музыкальном фильме. Михаил Галустян и Сергей Светлаков вернутся к своим легендарным персонажам, а также поздравят прекрасную половину человечества в качестве камео. Делать комплименты дорогим зрительницам будут телеведущий Жорик Вартанов, самый честный гаишник Николай Лаптев, харизматичный охранник Бородач и многие другие. А каждая сценка завершится музыкальным клипом со звездами российской эстрады."
32,Конец славы,Комедия,2024,Россия,8.4,"Крайне успешный актер Слава Агеев после скандала стремительно теряет все. Оставшись без денег, работы и семьи, невыносимый артист решается на авантюру. Слава инсценирует свою смерть и устраивает похороны в попытках перезапустить карьеру. Он договаривается с агентом Антоном, чтобы тот откопал его в нужный момент. Оказавшись в гробу под землей, Слава связывается с Антоном, но все идет под откос, когда его помощника сбивает машина."
33,Отец года,"Комедия, Драма",2024,США,8.1,"Мужчина в возрасте пытается стать образцовым папой. Арт-дилер и муж молодой жены Энди Гудрич внезапно выясняет, что его супруга на 90 дней уехала на реабилитационную программу. Теперь ему предстоит провести все это время со своими маленькими детьми. Сперва мужчина пробует оставить их своей старшей дочери, но, оказывается, она беременна. Энди осознает, что ему все-таки придется взять дело в свои руки и самостоятельно позаботиться о детях."
34,Достучаться до небес 2,Комедия,2023,Германия,8.7,"Эмоциональная история о том, что никогда не поздно воплотить свои мечты в жизнь. Феликс заболевает смертельной болезнью. Его лучший друг Артур неловко пытается рассказать ему о страшной новости, из-за чего происходит недоразумение. В итоге Феликс думает, что это Артур столкнулся с ужасным недугом. Вместе они решают исполнить самые яркие мечты, пока смертельная болезнь не разлучила их."
35,Болеро. Душа Парижа,"Драма, Биография, Музыка",2024,Франция,7.2,"Франция, 1928 год. Эксцентричный хореограф Ида Рубинштейн славится провокативными постановками. Она просит Мориса Равеля написать для ее будущего балета музыкальную тему, полную подлинного эротизма и предельной чувственности. Молодой композитор должен превзойти себя и создать нечто новаторское, а вдохновение его подводит. Критики находят его работы талантливыми, но лишенными всяких эмоций. Тогда Морис решает предаться страсти и с головой погрузиться в запретный роман, чтобы создать свой первый шедевр."
36,Притворись моим мужем,"Комедия, Мелодрама",2025,Россия,8.2,"Красавица Виктория слишком увлечена развитием бизнеса, чтобы распыляться на отношения. Ее команда упорно работала над заключением контракта с крупными инвесторами из ОАЭ, но сделка рискует сорваться. Виной тому одиночество Вики: арабские партнеры сотрудничают только с семейными людьми. Чтобы исправить ситуацию, девушка выдает за жениха своего подчиненного Романа. К несчастью, инвестор решает оплатить свадьбу фиктивных возлюбленных и приглашает в Дубай их родителей."
37,Бес попутал,"Комедия, Фэнтези",2025,Россия,8.2,"Парень заключает сделку с бесом, чтобы вернуться в мир живых. У Вани все идет по плану. У парня есть хорошая работа, доверчивая девушка и даже любовница. Но все меняется, когда его сбивает машина и он попадает в кому. После этого Ваня оказывается перед бесом, который делает ему заманчивое предложение. Чтобы избежать ада и получить второй шанс, он должен отправить на тот свет невинную девушку Аню. Только вот встреча с незнакомкой заставляет Ваню переосмыслить свою жизнь, ставя его перед сложнейшим выбором."
38,Гранд тур,Драма,2024,Япония,6.4,"Эффектная черно-белая драма из конкурса Каннского кинофестиваля 2024 года. Бирма, январь 1917 года. Государственный служащий Британской империи Эдвард семь лет не видел свою невесту. Ожидая приезда Молли по случаю их свадьбы, он внезапно решает сбежать. Эдвард отправляется в путешествие по Азии и предается меланхоличным рассуждениям о сути бытия. Но твердо решившая выйти замуж Молли едет за ним, а ее телеграммы неустанно настигают сбежавшего жениха, куда бы он ни направился."
39,Маме снова 17,"Комедия, Фантастика",2024,Россия,8.6,"2005 год. После посещения знахарки с 17-летней Олей происходят очень странные события. Она просыпается в 2024 году, повзрослев почти на 20 лет. Беспечная девушка осознает, что занимает должность школьного директора и одна воспитывает сына. Легкомысленной Оле приходится забыть о беззаботной жизни и взять на себя серьезные обязательства. Но как это сделать, когда у тебя нет никакого опыта?"
40,Бесит. Фильм,"Комедия, Драма, Триллер",2025,Россия,7.0,"Полнометражная версия одноименного сериала о насущных проблемах современного общества. Проект высказывается о домашнем насилии, чрезмерных родительских амбициях, жестокости в интернете, завышенных требованиях общества к девушкам и многом другом. Главный критерий темы — актуальность, каждая сюжетная линия снята отдельным режиссером."
41,Тропа гнева,Боевик,2025,Россия,7.9,"Бывший пограничник Сергей Марков ведет отшельнический образ жизни. Он давно не видел дочь Катю, которая уехала в Таджикистан для работы над фильмом. Сергей узнает, что самолет потерпел крушение, а девушку взял в плен местный криминальный авторитет. Таким образом Басир рассчитывает свести счеты с Марковым, и бывший военный срочно отправляется в Душанбе. Ему предстоит в кратчайшие сроки провести расследование и вызволить дочь из рук террористов."
42,Джон Уик 2,"Боевик, Триллер, Криминал",2017,Гонконг,8.7,"После смерти жены герой Киану Ривза обещает себе больше не брать оружие в руки, но бывший напарник безапелляционно требует его помощи. Бескомпромиссный итальянец Сантино Д’Антонио когда-то всему научил Джона, а теперь просит вернуть должок. Чтобы расквитаться, Уик должен прикончить сестру Сантино, ставшую главой международной гильдии профессиональных убийц. Отказ станет грубым нарушением кодекса чести всех киллеров. Как поступит величайший из ассасинов?"
43,Ночь с психопатом,"Триллер, Комедия",2025,США,7.0,"Комедийный триллер о сумасшедшем поклоннике, заставляющем популярную певицу выйти за него. 1990 годы. Несколько месяцев назад Пол пробрался в дом обворожительной поп-звезды Софии, которую считает своей девушкой. Он ранил охранника, однако был пойман. Неуравновешенный фанат угодил в лечебницу, но ему все-таки удалось сбежать. Вместе со своими сумасшедшими подельниками Пол решает вновь проникнуть в особняк кумира, чтобы любой ценой заставить Софию стать его женой."
44,Финист. Первый богатырь,"Фэнтези, Приключения, Семейный",2025,Россия,8.6,"Отважный Финист Ясный Сокол – настоящий пример для всех богатырей. Гордый и самоуверенный герой постоянно ищет себе новые достойные испытания, чтобы все вокруг продолжали им восхищаться. Так, храбрый богатырь решает сразить грозного монстра, живущего в заброшенном замке. Путь к новому великому свершению обернется для героя головокружительным восточным приключением в компании оруженосца Мелехи и молодой Бабы-Яги. Яркое странствие поможет Финисту познать простую истину, что один в поле не воин."
45,Холоп. Великолепный век,"Комедия, Приключения",2024,Турция,7.5,"Керем Бюрсин принимает эстафету у Милоша Биковича и переносится в прошлое в турецкой адаптации «Холопа». Мете — избалованный стамбульский мажор, который окончательно отбился от рук. Выходки юноши больно бьют по отцовскому бизнесу, и тогда встревоженный родитель решается на педагогический эксперимент, нанимая эксцентричного режиссера. Перед труппой постановщика стоит задача — убедить Мете, что на дворе XVI век. А сам юноша не богатый наследник, а слуга."
46,Иллюзия превосходства,"Фантастика, Триллер",2023,Великобритания,7.9,"Инженер Аби работает в престижной фирме, которая занимается созданием человекоподобных андроидов. Их главная задача — синхронизироваться со всеми гаджетами хозяина и считывать его желания. Один из образцов Аби забирает домой, чтобы протестировать лично. В компании мужа и робота женщина едет за город, чтобы поработать и заодно наладить семейные отношения. Андроид отлично справляется с обязанностями, пока не узнает про неверность супруга хозяйки. Тогда робот решает избавиться от соперника и занять его место. Ведь только ему известно, что на самом деле хочет Аби."
47,Белль и Себастьян: Новое поколение,"Приключения, Семейный",2022,Франция,7.8,"10-летний Себастьян живет в Париже и обожает видеоигры. После очередной шалости мама отправляет его к бабушке в небольшую горную деревушку. Заняться там совершенно нечем, но Себастьян неожиданно встречает огромную белую собаку по кличке Белль. Хозяин дурно с ней обращается, и мальчик решает помочь Белль, а взамен обретает лучшего друга и захватывающие каникулы."
48,Под Сильвер-Лэйк,"Детектив, Комедия, Криминал",2018,США,6.6,"Безработный Сэм проводит вечер с соседкой Сарой, которая на следующий день загадочно исчезает. Полиция отказывается искать девушку, и Сэм начинает собственное расследование, находя зацепки во всем, что видит вокруг. Неожиданно он расшифровывает секретные послания и понимает, что оказался в эпицентре глобального заговора. Сможет ли Сэм разгадать все секреты и разыскать Сару?"
49,Дневной дозор,"Фэнтези, Триллер, Боевик",2005,Россия,8.8,"Антон пытается защитить сына и попадает на новый уровень Сумрака. Завулон пользуется этим и компрометирует Городецкого. Темная Иная погибает, все подозрения падают на Антона, и война разгорается с новой силой. Чтобы спасти мир от хаоса, Светлые идут на крайние меры."
50,Планета Ка-Пэкс,"Драма, Фантастика",2001,Германия,8.4,"Таинственный мужчина Прот задержан полицией из-за странного поведения. Он утверждает, что прибыл с планеты Ка-Пэкс. Психиатр Марк Пауэлл берется исследовать незнакомца, уверенно рассказывающего о своем внеземном происхождении. Доктор пробует пролить свет на тайну необычного пациента, который даже назначает день своего возвращения на родную планету."
51,Нэчжа побеждает Царя драконов,"Мультфильм, Комедия, Фэнтези, Семейный",2025,Китай,8.7,"Продолжение анимационного хита, предлагающего яркий современный взгляд на китайскую мифологию. После удара молнии демонический мальчишка Нэчжа и сын Царя драконов Аобин стали духами. Мастер Тайи Чжэньжэнь попытался восстановить их физические тела, но ритуал пошел не по плану. Лишь Нэчже удалось вернуть свое тело, после чего он на время приютил в нем духа Аобина. Вместе они отправляются в опасное путешествие, чтобы пройти испытания, стать одними из Бессмертных и восстановить физическую оболочку Аобина."
52,Принцесса Монако,"Драма, Мелодрама, Биография",2014,Франция,8.8,"Грейс Келли наслаждалась своей славой и заслуженной любовью поклонников. Однако на пике своей карьеры она неожиданно покидает Голливуд, чтобы выйти замуж за князя Монако. Шумные вечеринки сменяются аристократическими балами, а свобода в общении — королевскими правилами. Бывшей актрисе тяжело было принять все перемены. Однажды ее близкий друг Альфред Хичкок делает ей предложение, от которого трудно отказаться. Так Келли встает перед трудным выбором: вернуться в прошлое или остаться в настоящем."
53,Джобс: Империя соблазна,"Драма, Биография",2013,США,6.5,"Сюжет фильма рассказывает о невероятной карьере одного из самых влиятельных людей в мире технологий – Стива Джобса. События ленты начинаются с ранних лет его жизни, когда юный Джобс решил бросить колледж и пустился в погоню за мечтой. В гараже дома вместе со своими партнерами он начал работу над новым компьютером. Домашнее производство заложило основу для амбициозной компании, спустя годы ставшей огромной империей."
54,Дэниэл должен умереть,Комедия,2022,Канада,7.7,"Умирая, отец семейства оставляет все единственному адекватному сыну, с которым он поддерживает связь — Дэниэлу. Наивный парень предлагает старику воссоединиться с семьей перед смертью, но тот отказывается. Вместо этого Эдвард оставляет детям ролик, в котором объявляет о своем выборе наследника. Другим же не достанется ничего, если только они не смогут действительно наладить отношения и стать настоящей семьей, хотя бы на одни выходные. Но братья и сестры вынашивают коварные планы по убийству Дэниэла, которые раз за разом терпят крах."
55,Выше неба,"Драма, Мелодрама",2019,Россия,8.1,"18-летняя Саша едет в пансионат, чтобы приятно провести время с сестрой и подругами. Из-за порока сердца каждый шаг девушки контролируют родители, которые также отправляются с детьми на отдых. Их отношения давно лишены чувств, а Саша впервые сильно влюбляется и решает отстаивать свое право на самостоятельную жизнь."
56,Вы меня видели?,"Драма, Мелодрама",2024,Россия,7.3,"Полтора года назад 13-летняя Лена бесследно пропала, но мать девочки не теряет надежду ее отыскать. Вера не может пережить утрату и под предлогом путешествия приглашает мужа и дочь в те края. Каждому из них семейная поездка дается непросто и грозит обернуться очередной трагедией."
57,Онегин,"Мелодрама, Драма",2024,Россия,8.7,"Дворянин Евгений Онегин привык к беспечной и праздной жизни. Однако балы, представления и другие развлечения наскучили молодому повесе. Узнав о болезни состоятельного дяди, Евгений отправляется к нему в деревню. В поместье дворянину сообщают о гибели родственника. Онегин решает остаться в имении, панируя исправить свое плачевное финансовое положение как единственный наследник состояния. Евгений сторонится соседей до приезда воодушевленного жизнью Ленского, который знакомит его с сестрами Татьяной и Ольгой Лариными."
58,Игра джентльменов,"Драма, Спорт",2023,США,8.7,"Экранизация романа писателя и профессионального гольфиста Умберто Г. Гарсии «Чудо Мустанга». Юг Техаса, 1956 год. Состоятельный преподаватель испанского происхождения Джей Би хочет вступить в престижный гольф-клуб «Дель-Рио», но ему отказывают из-за расовых предрассудков. Вскоре мужчина встречает пятерых старшеклассников-мексиканцев, в руках которых замечает дорогостоящие клюшки. Оказывается, ребята подрабатывают в «Дель-Рио» и используют элитный инвентарь для игры на самодельном поле посреди кактусов. Джей Би предлагает парням стать их тренером и поучаствовать в турнире «Дель-Рио». А заодно доказать: в гольф играют не только снобы."
59,Небриллиантовая рука,Комедия,2024,Россия,7.5,"Вымышленная советская реальность в наши дни. Семен Семенович Горбунков путешествует на круизном лайнере. Последним городом на пути домой оказывается Старый Дубай, где Семен попадает в руки контрабандистов. Преступники накладывают на мужчину гипс, в котором прячут ценные иностранные предметы — от новых смартфонов до фенов Dyson. Спецслужбы, узнав о преступлении, вербуют Семена и превращают его в тайного агента «007-ен Семенович». Чтобы выполнить миссию, герою предстоит оказаться в самых неожиданных ситуациях, проявить смекалку и обмануть преступников."
60,Досье «Чёрная канарейка»,"Боевик, Драма",2024,Великобритания,8.4,"Террористы похищают мужа лучшего агента ЦРУ Эйвери Грейвс и дают ей почти невыполнимое задание. Она должна похитить чип с важной и опасной секретной информацией, которая может привести к мировой катастрофе. Преступники угрожают убить супруга Эйвери, если в дело вмешаются спецслужбы или оперативник не успеет выполнить поручение за отведенное время. Опытный агент решает рискнуть карьерой, репутацией и собственной жизнью, чтобы спасти мужа."
61,Тополиный пух,Комедия,2024,Россия,8.1,"Верхнекамск. Одинокий неудачник Саша работает охранником в обменнике. Жизнь его «не состоялась», мечты не сбылись, семьи не получилось. Саша чувствует себя ненужным и несчастным, и не имея возможности что-то изменить, морально сдается… Но и тут Саше не хватает духа самому довести дело до конца, он обращается за помощью к старому приятелю — мужу своей бывшей жены. Конечно же, в самый ответственный и неподходящий момент, Саша влюбляется в девушку, у него вновь просыпается вкус к жизни и молодым людям придется пережить опасное приключение, спасти друг друга и начать видеть вокруг не только плохое, но и прекрасное…"
62,Обе две,Комедия,2024,Россия,8.1,"Своенравная девочка Глаша живет в городе Шуе с бабушкой и мечтает снимать кино. После кончины бабушки опеку над ней собирается взять строгая тетя Валя. Глашу такой поворот событий не устраивает, и она сбегает в столицу к сентиментальной и легкой на подъем тете Ане. Та решает вернуть племянницу домой и отправляется с ней в полное неожиданных встреч и запоминающихся событий путешествие. Яркое совместное приключение заставит Глашу и Аню посмотреть на жизнь с новой стороны."
63,Падение Империи (2024),"Триллер, Драма, Боевик",2024,США,7.3,"Кирстен Данст, Вагнер Моура и Кейли Спейни в экшен-триллере от студии A24. В недалеком будущем в США разгорается гражданская война. Объединенные силы Запада совсем скоро должны взять Вашингтон. В центре сюжета – пара прославленных военных корреспондентов, легенда журналистики и только начавшая свой профессиональный путь девушка-фотограф. Вместе они спешат добраться до столицы в надежде взять интервью у главы государства, пока он не попал в руки противника."
64,Собиратель душ,"Триллер, Детектив, Ужасы",2024,Канада,6.9,"Обезумевший Николас Кейдж играет в кошки-мышки с Майкой Монро. Агент ФБР Ли Харпер обладает уникальной интуицией, помогающей ей раскрывать самые глухие дела. Именно поэтому ей с легкостью доверяют одно из сложнейших: долгие годы по округе происходят загадочные убийства семей, в которых душегубом всегда выступает отец. При этом с этими преступлениями как-то связан маньяк по прозвищу «Длинноногий», который любит оставлять зашифрованные послания. Ли берется за дело и нападает на след, который неожиданно приводит девушку к собственному прошлому."
65,Мой Хатико,Драма,2023,Китай,8.9,"Чунцин, начало нулевых. Профессор Чэнь отправляется в командировку с коллегами и находит на улице брошенного щенка. Попытка пристроить пса оборачивается провалом, и мужчина возвращается домой с Хатико. Супруга Чэня на дух не переносит собак, но между профессором и его питомцем устанавливается нерушимая связь."
66,Руки Вверх!,"Музыка, Биография",2024,Россия,8.7,"Сергей Жуков, ставший кумиром подростков 90-х, попадает в больницу с осложнением болезни. Артиста охватывает ностальгия по прошлому, кожаным косухам и аудиокассетам, спортивным костюмам и нелепым стрижкам. Тогда Сережа ходил по дискотекам и только мечтал создать свою группу. Устроившись на радио, он знакомится с шебутным Лехой, а вскоре парни отправляются на первые гастроли."
67,Триггер. Фильм,Драма,2023,Россия,8.1,"Возлюбленная ушла, бывшая жена осуждена за убийство, отец страдает от неизлечимой болезни. Переживая тяжелейший кризис, Артем бросает работу и вместе с Кирюшей уезжает в город, где когда-то был счастлив. Он устраивается барменом и неожиданно знакомится с Майей. По иронии судьбы девушка оказывается психологом и вынуждает Стрелецкого взглянуть в глаза страхам."
68,Рождение легенд,"Драма, Биография, Музыка",2023,США,7.4,"Талантливый продюсер Нил Богарт пытается пробиться на вершину жестокой и конкурентной музыкальной индустрии. Он залезает в долги и основывает звукозаписывающую компанию Casablanca Records. Созданный лейбл начинает сотрудничество с Донной Саммер, группой Kiss и другими одаренными исполнителями и коллективами, чтобы переписать историю и изменить музыкальную индустрию раз и навсегда."
69,Великая ирония,"Драма, Комедия, Триллер, Мелодрама",2023,США,7.7,"Карьера парижанки Фанни Моро складывается прекрасно, а вот ее супружеская жизнь далека от идеала. Однажды молодая женщина встречает на улице бывшего одноклассника, который был от нее без ума в школьные годы. Она решается на тайную любовную интрижку со старым знакомым, однако ревнивый муж чувствует неладное. Запретный роман Фанни постепенно накаляется, предвещая ей большую беду."
70,Вася не в себе,"Комедия, Фантастика",2023,Россия,8.5,"Жизнь успешного предпринимателя Василия Кузина складывается идеально. У него есть красивая возлюбленная, роскошная квартира и развивающийся строительный бизнес. Омрачают картину лишь приезжие рабочие, которых он раз за разом обманывает и считает за людей второго сорта. За это судьба решает сыграть с Василием злую шутку. Бизнесмен попадает в аварию, просыпается в больнице и неожиданно осознает, что превратился в одного из тех самых гастарбайтеров. Удастся ли Васе исправиться и вернуть все на свои места?"
71,Бар «МоскваЧики»,Комедия,2024,Россия,8.1,"Три москвички едут в Питер, чтобы отдохнуть от столичной суеты. В разгар веселья девушки неожиданно решают купить бар на последние сбережения. Теперь новоиспеченным владелицам нужно научиться вести бизнес, наладить работу заведения и решить проблемы с налоговой. Вдобавок к этому девушкам мешают три симпатичных соседа, которые явно что-то скрывают. Смогут ли подруги покорить северную столицу или вернутся в Москву ни с чем?"
72,Догмен,Боевик,2023,Франция,8.4,"Еще в детстве Дуглас осознал, что ему ближе четвероногие друзья, чем собственная семья. Во время одной из ссор с отцом-тираном мальчик получил травму, которая навсегда изменила его жизнь. Спустя десятилетия Дуглас живет на заброшенной территории в окружении стаи собак. Они понимают друг друга без слов, и собаки готовы выполнить любое его указание. Дагу плевать на других людей, поэтому он легко нарушает закон и ищет себя. Все меняется, когда он сталкивается с местной группировкой, пытающейся захватить город. И собаки оказываются единственными, кто может спасти Дугласа."
73,Братья,"Комедия, Приключения",2024,Россия,7.4,"Славик, дамский угодник и бездельник, узнает, что смертельно болен. Спасти ему жизнь может только родственник-донор. Им оказывается неожиданно нашедшийся брат — не кто иной, как сам король эстрады Филипп Киркоров! Славик готов на любые авантюры ради знакомства с родственником, которые в итоге приводят новоиспеченных братьев в дикий лес. Впереди обоих ждут экстремальное выживание, знакомство с местными язычниками и долгий, но очень интересный путь домой."
74,Год рождения,"Комедия, Фэнтези",2023,Россия,8.0,"Мечтательный парень Филипп фанатеет от распавшейся панк-группы «Яичный свет». Он хочет устроить крупнейший музыкальный фестиваль в родном городе Металлогорске. Смелые идеи отходят на второй план, когда Филипп знакомится с обаятельной девушкой Мариной. Они влюбляются и строят совместные планы на будущее. Филиппу приходится все больше времени уделять бытовым вопросам, а мечты о фестивале рискуют так никогда и не осуществиться, но в это время в городе начинают происходить удивительные события."
75,Общага,Драма,2021,Россия,7.4,"1984 год, Свердловск. В студенческой общаге первокурсник Забела, поэт Игорь и девушки Света и Нелли лавируют между внутренней свободой и жестким распорядком общежития, дружат, влюбляются и веселятся. Жизнь друзей радикально меняется после внезапного самоубийства одной из студенток."
76,Ника,"Драма, Биография",2022,Россия,7.7,"Поэтесса Ника Турбина приобрела известность еще в самом детстве. С 7 лет она начала ездить на гастроли по Советскому Союзу и собирать полные залы любителей поэзии. Ее стихи трогали своей недетской грустью и пронзительностью строк. К 27 годам девушку настигает творческий кризис, и она перестает писать. Ника стремится разобраться в себе, пытаясь понять, куда исчез ее голос и сможет ли она наладить отношения с матерью. Она все больше увязает в своих сомнениях и глушит боль алкоголем. Неожиданное знакомство с Иваном помогает Нике найти свое вдохновение и дарит надежду на благополучие."
77,Батя,Комедия,2021,Россия,9.0,"В детстве Макс научился быстро считать на кладбище, на всю жизнь запомнил «крапивку» на руке и не сквернословил, поскольку отец однажды вымыл ему рот с мылом! Когда у Макса рождаются дети, он понимает, что такие методы воспитания были весьма специфическими. Отправляясь на 70-летний юбилей отца, Макс вспоминает свое детство и пытается понять, почему его батя был именно таким – закрытым и в чем-то суровым."
78,Тёща,Комедия,2023,Россия,7.6,"Ольга Николаевна привыкла держать все под контролем как на работе, так и в личной жизни. В ее четко выстроенной системе есть одно лишнее звено – нелюбимый зять Виктор. В канун Нового года их взаимная неприязнь достигает точки кипения. Ольге Николаевне и Виктору необходимо уладить разногласия, пока всеми любимый праздник не превратился для их семьи в катастрофу."
79,Праздники (2023),Комедия,2023,Россия,8.0,"Наталье Пыжовой в жизни повезло: у нее прекрасные взрослые дочери, любящий муж и дружная семья. Для полного счастья она мечтает только выдать дочерей замуж. Но все рушится в канун 50-летнего юбилея Натальи, когда женщина узнает об измене мужа и понимает, что и у дочерей не все гладко в личной жизни. На празднике семейство ждет серьезная проверка на прочность, которая или разрушит семью до основания, или же закалит ее."
80,Правда,"Драма, Триллер",2024,Россия,7.4,"В маленьком городке пропадают дети, и 5-летняя Маша стала уже шестой жертвой. У следствия не хватает улик, зато есть один идеальный подозреваемый – Женя, недавно вышедший из тюрьмы. Отсидев два года, парень теперь пытается привыкнуть к новой жизни без друзей, любимой и работы. Он быстро попадает в поле зрения полиции, а ситуацию осложняет тот факт, что он последний, кто видел Машу и кто знает правду. Вот только за нее он может снова поплатиться свободой."
81,Игра королевы,"Драма, Триллер, История",2023,Великобритания,8.3,"Казнивший двух супруг и дважды разведенный Генрих VIII женится в шестой раз. Избранницей пожилого короля-параноика становится Екатерина Парр, протестантка с острым умом и выдающейся силой духа. Генрих всех вокруг подозревает в измене, а Екатерина начинает проникаться разгорающимся в народе движением за освобождение."
82,По Фрейду,Драма,2023,Ирландия,8.4,"3 сентября 1939 года Великобритания объявляет войну Германии. Два признанных гения своего века, Зигмунд Фрейд и Клайв С. Льюис, разворачивают дискуссию о возможности существования Бога. Первый умирает от рака, а второго мучают кошмары о надвигающемся мраке. К чему приведет их беседа?"
83,Арахисовый сокол,"Драма, Комедия, Спорт, Приключения",2019,США,8.5,"Зак видел настоящую жизнь только по телевизору: у него синдром Дауна и живет он в лечебнице. Вдруг он решает стать профессиональным рестлером и, ведомый своей мечтой, посреди ночи тайком сбегает в одних трусах и отправляется в путь. Встретив беглого преступника Тайлера, Зак неожиданно для себя находит спутника, тренера и настоящего друга. К ним присоединяется и девушка Элеонор – работница лечебницы, которая должна найти и вернуть Зака. Вместе они – три неудачника со своими проблемами – скрываются от преследования, ищут себя и Бога, живут в палатке и помогают одному особенному парню исполнить его мечту."
84,Любовники (2022),Комедия,2022,Россия,8.2,"Несколько парней пробуют проучить корыстных женщин. В надежде разобраться с личными проблемами Саша, Леша и Паша решаются пойти на групповую терапию для мужчин, которые настрадались от любовниц. У них рождается гениальная идея: они планируют помочь товарищам по несчастью, разоблачая хитрых и расчетливых женщин. Правда, они не очень разбираются в отношениях, так что не всегда могут помочь даже самим себе."
85,Обнаженная муза Пьера Боннара,"Мелодрама, Драма, Биография",2023,Франция,7.3,"Биографическая мелодрама со звездами «Молодого Папы» и «Нимфоманки». Париж, 1893 год. В студию перспективного художника Пьера Боннара приходит загадочная натурщица Марта. Между ними с первого взгляда вспыхивает страсть, которая перерастает в роман. Со временем Марта становится не просто возлюбленной, а главной музой Боннара. Однако их любовь вынуждена пройти испытания: мировые потрясения XX века, ухудшение здоровья Марты, а также появление в жизни художника молоденькой девушки Рене."
86,Бык,"Драма, Криминал",2019,Россия,7.2,"90-е, время расцвета преступности. Молодой бандит Антон Быков по прозвищу Бык пытается заработать на жизнь для себя и своей семьи нечестным трудом. После очередной разборки он попадает в отделение милиции, откуда его освобождает криминальный авторитет. Скоро он просит Антона вернуть долг, а для этого парню придется выполнить одно крайне рискованное поручение."
87,Подростки. Первая любовь,Мелодрама,2024,Россия,8.3,"Лето, 90-е. Старшеклассник Олег промышляет мелким воровством в надежде скопить денег на собственную машину. А еще он влюблен в Олю, которая месяц назад перешла в его школу. Отношениям подростков мешает ее отец: мужчина контролирует каждый шаг дочери и не считает Олега достойным парнем. К тому же, за сердце девочки намерен бороться местный богач Пижон. Пока судьба вставляет палки в колеса, а взрослые учат жизни, юная пара мечтает улететь вдаль с соседнего аэродрома. Смогут ли они пройти все испытания или первая любовь останется в прошлом?"
88,Честный развод 2,"Комедия, Мелодрама",2022,Россия,9.3,"Гене удается достичь большого успеха на юмористическом поприще, а Милана становится его женой и менеджером. Широкое признание неожиданно кружит голову неопытному артисту стендапа и становится помехой для личных отношений с возлюбленной. Будущее пары оказывается под угрозой, поэтому Гена идет на решительные меры. Он пытается помочь Милане воплотить в жизнь ее заветную мечту – стать певицей. Сможет ли Гена реализовать свой авантюрный план или только обострит супружеский конфликт?"
89,Бендер: Золото империи,"Комедия, Драма, Приключения",2021,Россия,8.5,"Бесценный жезл ускользает из рук подельников и попадает к Нестору Махно. Он убежден, что в округе спрятаны и другие драгоценные реликвии, и ввязывается в погоню за мифическими сокровищами. Осе вместе со своим наставником предстоит превзойти себя, чтобы не угодить в ловушку и добыть жезл. А заодно и восстановить доверие прекрасной девушки, которая разочаровалась в Осе и собирается выйти замуж за другого..."
90,Нюрнберг. Многомерность зла,Драма,2025,Россия,8.4,"Психологическая драма о разоблачении одного из самых массовых убийц в истории человечества. Известный советский психиатр Евгений Краснушкин задействует уникальную методику, чтобы получить от основателя и коменданта концлагеря Освенцим Рудольфа Хесса подробную информацию о холокосте и уничтожении советского народа. Выдающийся специалист в своем деле выводит на чистую воду руководство и служителей Третьего рейха, а на примере Хесса разоблачает психотип хладнокровных и безжалостных последователей этого преступного режима."
91,Финт Боброва,"Документальный, Спорт, Биография",2023,Россия,8.4,"Всеволод Михайлович Бобров — единственный атлет, который выступал и на летних, и на зимних Олимпийских играх. В обоих случаях он был капитаном национальной сборной. Авторы проекта покажут историю его развития в спорте: от начала карьеры к победе на Олимпиаде и становлению тренером."
92,Война и музыка,"Драма, История, Военный",2025,Россия,8.7,"Дружба, отвага и музыка в драме Сарика Андреасяна. Война меняет жизни троих парней, которые отправляются на фронт, чтобы защитить свой дом, родных и близких. Справиться с потрясениями времени и не опускать руки друзьям помогает музыка. Они берут с собой инструменты и начинают играть, чтобы поддержать моральный дух товарищей и создать лейтмотив Победы."
93,У людей так бывает,Мелодрама,2023,Россия,7.6,"Знакомства и расставания, верность и измены, рождение и смерть – в этом постоянном круговороте жизненных событий появляются яркие истории любви. Судьбы их героев удивительным образом пересекаются и невольно влияют друг на друга. Непредсказуемые случайности и осознанные решения позволят этим людям понять ценность и силу прекрасного чувства любви."
94,Группа крови,"Драма, Военный",2025,Россия,8.9,"Основано на реальных событиях. Ноябрь, 1943 год. В бывшем пионерлагере под Ленинградом детей продолжает встречать приветственная надпись «Добро пожаловать», но добра здесь больше нет. Теперь в этом месте детский приют, куда немцы партиями свозят советских сирот. Их держат в невыносимых условиях: холод, голод, принудительный труд и жестокие наказания за малейшее неповиновение. Но самое страшное: детей до последней капли крови используют как доноров для раненых немецких солдат. Несмотря на ужасы происходящего, юным героям удается найти в себе силы и смелость, чтобы сплотиться и решиться на побег."
95,Брат навсегда,Документальный,2025,Россия,8.8,"Авторы проекта поделятся редкими архивными материалами и покажут малоизвестные сцены, которые не вошли в финальную версию фильмов. Съемки проходили не только в Москве и Санкт-Петербурге, но также в Чикаго и Нью-Йорке. Это масштабное исследование феномена дилогии Алексея Балабанова и его культурного влияния на страну и мировой кинематограф. Как «Брату» удалось объединить несколько поколений россиян?"
96,Эрнест и Селестина: Новые приключения,"Мультфильм, Приключения, Семейный",2022,Люксембург,9.0,"Эрнест и Селестина готовятся к новому приключению. Лучшие друзья хотят посетить родину Эрнеста – чудесную Тарабарию. Медведь рассказывает мышке, что в этой удивительной стране всегда царит праздник, а кругом играет музыка. Когда друзья прибывают в Тарабарию, они узнают, как сильно изменились эти края. В стране ввели абсурдные музыкальные запреты, за нарушение которых можно попасть в тюрьму. Эрнест и Селестина вместе с новыми друзьями сделают все возможное, чтобы спасти свободу творчества и вернуть радость в страну медведей."
97,Джон Уик 3,"Боевик, Триллер, Криминал",2019,США,8.0,В предыдущей части неутомимый убийца по прозвищу Баба-Яга наворотил дел и теперь вынужден скрываться от возмездия: Уик осквернил смертью неприкосновенный отель «Континенталь». За голову нарушившего кодекс тайной гильдии ассасинов назначили награду в 14 миллионов долларов. Бесчисленный легион брутальных наемников-профессионалов со всего мира выдвинулся прикончить бунтаря. Удастся ли им казнить Джона?
98,Контакты (2024),"Драма, Фантастика",2024,Россия,6.5,"На Землю прибывают инопланетяне, которых люди называют Виталиками. Пришельцы вырабатывают таинственное вещество – прак. Намерения инопланетян и свойства этого вещества остаются для людей загадкой. Однако медсестра Нина решает рискнуть и использовать прак для лечения больного отца. Девушка выходит на контакт с одним из Виталиков, и это знакомство раскрывает перед ней истинную причину прибытия инопланетян."
99,Иллюзия обмана,"Триллер, Детектив, Приключения, Боевик",2013,США,8.9,Миллионер Артур Тресслер собирает группу талантливых иллюзионистов. Фокусники объединяются в квартет «Четыре всадника» и устраивают грандиозные шоу. Во время финального выступления они проворачивают на глазах зрителей дерзкое ограбление крупного банка. Сможет ли ФБР доказать их причастность к преступлению?
100,Ла-Ла Ленд,"Мюзикл, Драма, Мелодрама",2016,США,9.0,"Фильм стал рекордсменом премии «Золотой глобус», победив во всех семи номинациях, и взял шесть «Оскаров». Начинающая актриса Миа и джазовый пианист Себастьян живут в «Городе ангелов» и постоянно сталкиваются при неудачных обстоятельствах. Они вздорят из-за разных пустяков и неожиданно влюбляются друг в друга. Миа и Себастьян полны амбиций и стремления найти себя в жизни. Куда приведут их мечты?"
101,Страна Саша,Мелодрама,2022,Россия,6.7,"Семнадцатилетний Саша чувствует себя растерянным. Он рос без отца, и в этом видит источник всех проблем. Герой знакомится с нерешительной ровесницей Женей, похожей на него. Первая любовь окрыляет одиночек и помогает преодолевать душевные травмы. Но что ждет их в конце лета?"
102,Асфальтовое солнце,"Мелодрама, Комедия",2022,Россия,7.1,"80-е, небольшой городок у моря. Пятнадцатилетний Артем застыл на пороге взрослой жизни. Перед тем как сделать последний шаг к ней, он проводит последнее лето в обществе друга и роликовой доски, с которой не расстается. У Артема есть лишь один шанс, чтобы победить на соревнованиях и произвести впечатление на девушку, влюбленную в другого."
103,Сердце Пармы,"Драма, Фэнтези, История",2022,Россия,7.5,"Русь, XV век. Князь Чердыни Михаил женится на ведьме-ламие Тиче, хотя их любовь и кажется окружающим запретной. Вскоре правитель оказывается между двух огней. С одной стороны, на него наседает Москва, обеспокоенная усилением позиций Перми Великой. С другой – давят местные племена, желающие прогнать русичей. Михаилу предстоит дать бой врагам, чтобы спасти свои земли и уберечь любовь всей жизни."
104,Агнец,"Драма, Фэнтези, Ужасы",2021,Швеция,6.8,"Немолодая пара фермеров живет вдали от людских глаз. Когда одна из овец приносит в дом человекоподобного ягненка, Мария и Ингвар принимают его как дар божий. Назвав диковинное существо Адой в честь мертворожденной дочери, супруги проникаются к чаду глубокими чувствами. Их дом вновь наполняется любовью, но прибытие брата Ингвара портит обстановку в семье."
105,Сердцеед,Комедия,2025,Россия,7.4,"Легкая комедия со звездами «Кухни» и «Няни Оксаны». Яркая и амбициозная Света давно оставила деревенскую жизнь ради покорения столицы, но на летние выходные возвращается к семье. Прогуливаясь по родным местам, она встречает свою первую любовь — тракториста Сашку. Между молодыми людьми вновь вспыхивает страсть. Но сердца влюбленных не свободны: Сашка привязан к доярке Маше, а к Свете из Москвы вот-вот должен приехать жених Серж. Неожиданно любовный треугольник становится еще запутаннее, когда в историю вмешивается продавщица Люба."
106,Точка кипения,"Триллер, Драма",2021,Великобритания,7.8,"Шеф-повар Энди опаздывает в престижный ресторан Лондона на самую важную смену года. Его подчиненные собираются на кухне и изрядно нервничают. В этот вечер все идет не по плану: сперва команда узнает, что у ресторана понизили рейтинг, затем заявляется проверка, а потом и вовсе приходит инвестор, требующий немедленно вернуть вложенные деньги. Сможет ли Энди справиться с ворохом личных и профессиональных проблем, чтобы сохранить свой бизнес?"
107,Легенды Орлёнка,"Комедия, Фэнтези, Семейный",2022,Россия,7.9,"Маша приезжает в легендарный лагерь «Орленок» на каникулы и находит там новых друзей. Во время игры ребята случайно пробуждают одного из семи каменных старцев, который рассказывает им о древних мифах и битве добра со злом. Теперь детям предстоит пройти древний квест, чтобы узнать тайну семи легенд и победить злую колдунью Эль."
108,Мой пес Руни,"Комедия, Драма",2023,Южная Корея,8.0,"Мин-су обожает своего пса и собирается жениться на девушке своей мечты. Внезапно невеста признается, что у нее аллергия на собак. Лучший друг и брат предлагают Мин-су отменить помолвку, но он отказывается. Тогда троица начинает поиски нового дома для Руни, а все откликнувшиеся на объявление оказываются со странностями..."
109,Метро,"Триллер, Драма",2013,Россия,8.8,"Масштабная стройка в центре столицы приводит к возникновению трещины в одном из тоннелей метро. Вода из Москвы-реки начинает резко заполнять подземные ходы, и тысячи пассажиров оказываются в смертельной опасности. Среди попавших в беду людей — врач Гарин со своей дочерью Ксюшей, а также любовник его жены. Герой пытается побороть ненависть, вызволить дочь наружу и спасти потерпевших. Ему нужно выжить, чтобы вернуть свою семью и прежнюю жизнь."
110,Марс Экспресс,"Анимация, Фантастика, Детектив, Боевик",2023,Франция,7.6,"2200 год. Частный детектив Алин Руби и ее напарник-андроид Карлос Ривера получают от состоятельного бизнесмена задание разыскать печально известного хакера. Сыщики постепенно погружаются в подпольный мир столицы Марса. На красной планете они выясняют, что кто-то ведет опасную работу над искусственным интеллектом роботов. В ходе расследования сыщикам предстоит столкнуться с темными тайнами города, прогнившего от коррупции и скрывающего подпольные компьютерные лаборатории и сеть по торговле людьми."
111,Невероятные приключения Шурика,Комедия,2025,Россия,7.1,"Новогодняя музыкальная комедия по мотивам легендарных советских фильмов. Простой парень Шурик, сидя на лавке, делится со случайными прохожими своей историей любви со спортсменкой, комсомолкой и просто красавицей Ниной. С ней он познакомился будучи студентом, но вскоре потерял связь с любимой, улетев в космос. После Шурик искал Нину в «Институте статистики заказов с маркетплейсов», где собраны данные абсолютно всех женщин страны. И нашел — на Кавказе. Однако там попал под дурное влияние главы мафиозного клана дона Саахова и оказался в тюрьме. Но трудности не остановили Шурика. Ради любви он был готов преодолеть любые преграды, ведь когда-то Нина ему сказала: «Беги, Шурик! Беги!»."
112,Химера,"Фэнтези, Комедия, Мелодрама, Приключения",2023,Италия,8.0,"Италия, 80-е годы. Британский археолог Артур обладает особым даром чувствовать, что находится под землей. Он возвращается в родной сердцу город, чтобы найти вход в загробный мир и воссоединиться с возлюбленной. Артур присоединяется к расхитителям гробниц, которые используют его для поиска древних артефактов и сбычи сокровищ на черном рынке."
113,Адам и Ева,"Комедия, Фантастика, Мелодрама",2024,Россия,8.0,"Одним летним днем все население Москвы вместе с птицами и животными неожиданно исчезло. Возможно, на Земле остались лишь Марина и Виктор, но они совершенно не нравятся друг другу. Перед парой встают бытовые и экзистенциальные вопросы, а надежда найти людей вынуждает их вместе отправиться на Урал."
114,Проклятие «Зов могилы»,Ужасы,2024,Южная Корея,7.9,"Злобный дух начинает преследовать корейскую семью из Лос-Анджелеса. Испуганные родственники обращаются за помощью к специалистам по эзотерике. Шаманка с помощником, специалистом по фэншуй и владельцем похоронного бюро рекомендует как можно быстрее извлечь гроб с телом предка и, не открывая, кремировать. Все идет по плану, пока сотрудник морга, куда временно поместили останки, не вскрывает крышку саркофага — в этот момент мстительный дух, годами таившийся в могиле, вырывается на свободу, чтобы уничтожить своих потомков. Успеет ли семья победить его раньше, чем их род будет прерван?"
115,Сожги все мои письма,"Драма, История",2022,Швеция,7.6,"Близкие успешного писателя Алекса страдают от его приступов гнева. Пытаясь разобраться с причинами, он окунается в историю сложных отношений бабушки с дедушкой. Из сохранившихся писем Алекс узнает, что Карин была влюблена в поэта Улофа Лагеркранца — литературного конкурента ее мужа Свена. Любовь и ненависть между Карин и Свеном наложили серьезный отпечаток на жизнь нескольких поколений."
116,Между нами лето,"Комедия, Мелодрама, Мюзикл",2024,Россия,8.3,"Лето, конец 90-х. Саша с родителями отдыхает в санатории. Там парень получает главную роль в музыкальной постановке. Ему в пару достается Полина, звезда мюзиклов и местная красавица. Парень влюбляется в девушку и мечтает завоевать ее сердце. Вот только он еще не знает, что управляющий санаторием Миша готов на все, чтобы Полина была с ним."
117,Материнский инстинкт,"Драма, Триллер",2024,США,8.4,"Начало 1960-х. В одном американском пригороде дружно живут две соседки – Элис и Селина. Их дети учатся и растут вместе, а семьи женщин веселой компанией отмечают праздники. Волшебная идиллия рушится, когда после несчастного случая погибает сын Селины Макс. Безутешная мать начинает подозрительно себя вести рядом с сыном подруги, что очень тревожит Элис. Чувство вины, взаимные подозрения и паранойя грозят навсегда оборвать сестринскую связь соседок."
118,Ненормальный,"Драма, Комедия, Музыка",2024,Россия,8.9,"8-летний мальчик Коля страдает от тяжелого заболевания. Его мать все больше сомневается, что недуг когда-то отступит и сын сможет жить нормальной жизнью. Однако ситуация начинает меняться, когда в их доме появляется инженер Юрий. Он решает применить специальный комплекс упражнений, который постепенно ставит мальчика на ноги. Вскоре Коля открывает в себе удивительный музыкальный талант и начинает обучаться игре на фортепиано. Спустя годы подросший Коля вместе с Юрием отправляется на международный конкурс пианистов в Шанхае, где их ждут неожиданные знакомства и важные события."
119,Лето. Нулевые,Комедия,2024,Россия,7.4,"15-летний Сашка приезжает на летние каникулы в маленький городок на Волге. Впереди три месяца беззаботности, прогулки с друзьями и посиделки в местной «игровухе». Мальчишка еще не знает, что это лето станет первым, когда его начнут волновать совсем не детские вопросы: как заработать деньги, понравиться девочке и выбраться из опасных неприятностей."
120,Меч короля,"Драма, История, Биография",2023,Дания,8.8,"Капитан колонизирует суровые края ради дворянского титула. Дания, середина XVIII века. Король Фредерик V намерен принести цивилизацию в дикие земли Ютландии, чтобы в казну поступало больше денег. Движимый честолюбием офицер Людвиг фон Кален собирается освоить эти земли для правителя и берется за их колонизацию. В ходе миссии мужчина сталкивается с сопротивлением влиятельного землевладельца. Как далеко готов пойти Людвиг фон Кален ради достижения своих амбиций?"
121,Наследник (2023),"Боевик, Триллер, Криминал",2023,Южная Корея,8.6,"Боксер корейско-филиппинского происхождения Марко Хан всегда жил на Филиппинах и никогда не виделся с отцом-корейцем. В попытках обеспечить деньги на лечение матери он соглашается на любую работу и старается разыскать родственников. Как-то с парнем связываются юристы, заявляющие, что его отец хочет с ним встретиться. Он едет в Южную Корею, но уже на борту самолета Марко начинает запугивать сомнительный незнакомец, который называет себя его другом."
122,Что скрывает Ирен?,"Драма, История, Военный",2023,Канада,8.8,"Экранизация одноименной пьесы Дэна Гордона. Вторая мировая война. 19-летняя Ирен находится в оккупированной немцами Польше, она вынуждена стать домработницей у высокопоставленного немецкого офицера. Вскоре девушка узнает, что жителям района угрожает серьезная опасность. Несмотря на страх, она принимает решение, которое навсегда изменит ее жизнь и судьбы других людей."
123,Козёл отпущения,"Комедия, История",2024,Франция,7.8,"Адвокат Помпиньяк проигрывает очередной судебный процесс и подвергается насмешкам своего противника – мэтра Вальвера. Вскоре он встречает очаровательную девушку Камиллу Форжерон, которую обвиняют в убийстве маршала, и решает встать на ее защиту. Однако Помпиньяк даже не догадывается, что на самом деле его подзащитным станет самый настоящий козел."
124,Ёлки 11,Комедия,2024,Россия,8.6,"В канун Нового года нередко происходят чудеса. В этот раз они непременно произойдут с охранником элитного поселка дядей Юрой и его минипигом Костей, а очаровательная золушка из Альметьевска встретит своего принца. Какие подарки судьбы ждут других героев народной комедии и при чем тут турецкий красавец-актер?"
125,Три мушкетёра: Миледи,"Боевик, Приключения, История",2023,Германия,7.8,"Д’Артаньян становится свидетелем дерзкого похищения Констанции. Чтобы спасти свою возлюбленную, ему приходится заключить неожиданный союз с загадочной Миледи. Пока надежные друзья и мушкетеры Атос, Портос и Арамис бьются на полях сражений за короля и страну, Д’Артаньян попадает в эпицентр масштабного заговора."
126,Тоня против всех,"Драма, Спорт, Биография",2017,США,8.4,"История не успеха, но падения. Практически черная комедия о скандально известной фигуристке Тоне Хардинг, которая никак не подходила на роль «американской умницы», но была героем нации. Деспотичная мать еще малышкой поставила Тоню на лед, и с этого момента жизнь девочки превратилась в бесконечную борьбу. Тяжелые тренировки, соперничество, неудачи на соревнованиях, муж-абьюзер и бесконечные ссоры с матерью выковали взрывной и неуправляемый характер и несгибаемую волю к победе, ради которой Тоня была готова пойти на преступление. Фильм принес три номинации на премию Оскар и статуэтку за лучшую женскую роль второго плана актрисе Эллисон Дженни."
127,Один день в Стамбуле,Комедия,2024,Россия,7.7,"Четыре товарища едут в Стамбул по приглашению лучшего друга и успешного бизнесмена Вадима, чтобы приятно провести время у него на яхте. По прилете они узнают, что мужчина умер, но при этом запланированная встреча остается в силе. Помощник Вадима привозит компанию на яхту босса, и они отправляются на прогулку по Босфору. Неожиданное событие сплочает друзей, и они начинают шутить, выпивать и вспоминать все, что связано с Вадиком. Душевная беседа дает компании понять, что он сильно повлиял на жизнь каждого из них. Но смерть друга — не единственный сюрприз, который поджидает квартет."
128,Контрабандистки,"Комедия, Боевик, Криминал",2023,Южная Корея,8.0,"1970-е. В Кунчхоне несколько ныряльщиков решают заполучить затонувший контрабандный груз, чем обращают на себя внимание таможенников. На авантюристов устраивают облаву, и бригада попадает за решетку. Скрыться удается лишь одной Чо Чхун-джа. Через некоторое время она возвращается из Сеула в надежде реализовать дерзкую криминальную операцию. Только для этого ей придется вернуть расположение старой команды, считающей Чо Чхун-джа предательницей."
129,Асфальтовые джунгли,"Триллер, Драма",2023,США,8.1,"Олли Кросс устраивается в Пожарный департамент Нью-Йорка парамедиком в ночную смену. Он становится партнером опытного и бескомпромиссного специалиста Джина Рутковски. С первых же смен парень сталкивается с самыми мрачными и пугающими сторонами ночного мегаполиса. В крайне тяжелых условиях Олли предстоит решить, готов ли он рисковать собственной жизнью в попытках спасти тех, кто отчаянно нуждается в помощи."
130,Неожиданные связи,Комедия,2024,Франция,8.6,"Франсуа и Алиса происходят из разных социальных слоев, но это не становится преградой на пути любви. Они должны познакомить родителей перед свадьбой и хотят сделать вечер вдвойне особенным. Влюбленные вручают семьям результаты генетических тестов в качестве небольшого развлечения. И без того неуютная встреча перерастает в открытое противостояние будущих родственников."
131,Дольче!,"Мюзикл, Драма, Фэнтези",2024,Франция,7.0,"Венсан Кассель, Фанни Ардан и Росси де Пальма в мюзикле по мотивам древнегреческого мифа. Безумно влюбленные Орфей и Эвридика спешат скрепить союз узами брака, чтобы провести остаток жизни вместе, но свадебный день оборачивается трагедией. Жизнь невесты обрывает выстрел, и безутешный жених пускается в погоню за убийцей. Ему на помощь приходит таксист Харон, и вскоре Орфей оказывается в отеле «Аид». Герою предстоит пройти суровые испытания, чтобы доказать, что любовь сильнее смерти."
132,Одержимость,Драма,2014,США,8.9,"Эндрю мечтает стать великим барабанщиком, и жизнь дает ему такой шанс: дирижер университетского оркестра принимает его в свою команду. Репетиции оборачиваются унижениями, кровавыми мозолями и провалом. Психологический конфликт накаляется до предела, и Эндрю, не выдержав, навсегда рвет с музыкой. Но одержимость джазом притягивает жестокого маэстро и его ученика и заставляет их снова появиться на сцене вместе. Фантастическая работа режиссера и сценариста Дэмьена Шазелла и великолепная игра актеров принесли команде три статуэтки «Оскар», премию «Золотой глобус» и множество других наград и номинаций."
133,Борг/Макинрой,"Драма, Спорт, Биография",2017,Финляндия,8.4,"Основан на реальном противостоянии двух всемирно известных теннисистов – несокрушимого Бьорна Борга и неуравновешенного Джона Макинроя. Лед и пламень, они оба любят игру, которой отдаются без отдачи. Ключевой момент звездной битвы приходится на финал чемпионата Уимблдона 1980 года. Позже этот поединок войдет в историю и навсегда изменит этот вид спорта, а Борг и Макинрой останутся легендами тенниса и по сей день."
134,Наступит лето,"Драма, Криминал",2025,Россия,6.7,"Детдомовский подросток с темным прошлым Никита сбегает от правосудия в столицу. Там, на одной из вечеринок, он встречает состоятельного сироту Дэна. Высокомерный и жестокий парень предлагает Никите шанс на лучшую жизнь, если тот станет его другом. Никита соглашается, не подозревая, какую высокую цену ему предстоит за это заплатить."
135,Императрицы,"Драма, Документальный, История",2023,Россия,7.7,"Петр I пообещал маленькой дочери Елизавете, что выдаст ее замуж за Людовика XV, и она станет королевой Франции. Но после смерти монарха рушатся все договоренности, ведь Петр I не успевает назначить нового наследника. Так начинается безжалостная эпоха дворцовых переворотов — время интриг и борьбы за власть. Сможет ли выстоять недавно построенная империя? Какую цену придется заплатить Елизавете Петровне, чтобы взойти на престол? И каких успехов смогут добиться российские императрицы?"
136,Белый снег,"Драма, Спорт, Биография",2021,Россия,9.0,"Это история девочки из Магадана, которая достигла невероятных высот в лыжном спорте. В 1997 году на чемпионате мира в Норвегии Елена Вяльбе покорила весь мир и установила рекорд, впервые в истории лыжных гонок завоевав пять золотых медалей из пяти возможных. За спортивными победами скрываются трудности преодоления себя и обстоятельств, что позволило Елене стать лучшей лыжницей XX века."
137,Тихий садовник,"Драма, Мелодрама, Криминал",2022,США,7.3,"Режиссерская работа Пола Шредера, сценариста культового «Таксиста». Нарвел ухаживает за садом в роскошном поместье вдовы Нормы Хэверхилл. Он хладнокровен и немногословен, зато знает все о растениях и работает на совесть. Норма просит его взять в подмастерье племянницу Майю, которая связалась с плохой компанией. Вместе со страстью она возвращает в жизнь Нарвела неприятности, о которых он надеялся навсегда забыть."
138,Хитмен. Последнее дело,"Триллер, Драма, Детектив, Криминал",2023,США,8.7,"Теряющий память киллер вынужден взяться за последнее дело, чтобы выручить сына. Здоровье начинает подводить опытного наемного убийцу Джона Нокса. Обследование выявляет у него неизлечимую болезнь, что сопровождается стремительно развивающейся деменцией. Уже через пару месяцев Нокс потеряет дееспособность, поэтому киллер решает уйти из опасной профессии. Но планы Джона нарушает неожиданно появившийся окровавленный сын Майлз. Он просит отца о помощи и вынуждает его в последний раз взяться за свое темное дело."
139,Легенда Багера Ванса,"Драма, Мелодрама, Спорт, Фэнтези",2000,США,7.5,"Экранизация одноименного романа о случайном знакомстве, преобразившем судьбу человека. Конец 1920-х, городок Саванна. Ветеран войны Раннульф Джуну когда-то подавал большие надежды в гольфе. Но теперь он лишь разочаровавшийся в жизни пьяница. Все начинает меняться, когда он встречает загадочного незнакомца Багера Ванса. Тот помогает Раннульфу вновь полюбить гольф и раскрыть свой истинный потенциал."
140,30 секунд,"Драма, Комедия",2024,Россия,8.5,"В обычной жизни Артем работает программистом, а в свободное время посвящает себя волонтерству. Мужчина перевоплощается в больничного клоуна Рината и навещает детей, которые не покидают стен клиники. Но найти контакт удается не с каждым ребенком. Маленькая Варя уже очень давно не смеялась. Оказывается, к ней редко приходит мама, и мужчина хочет это исправить. Ведь поддержка клоуна не заменит родительской любви."
141,Мартовские иды,"Триллер, Драма",2011,США,8.3,"Экранизация пьесы Бо Уиллимона «Фаррагут-Норт», которую срежиссировал голливудский актер Джордж Клуни. Губернатор Майкл Моррис баллотируется на пост президента США. Его политический консультант Стивен Майерс искусно скрывает от всех грязные делишки губернатора ради победы на выборах. Картина, основанная на реальных событиях — избирательной кампании Говарда Дина, была удостоена многих наград, включая четыре номинации на «Золотой глобус» и номинацию на «Оскар» за лучший адаптированный сценарий."
142,Гений,"Драма, Биография",2016,США,8.4,"Издатель Макс Перкинс славится скрупулезностью и чутьем на талантливых авторов. Как первоклассный редактор он уже открыл миру Хемингуэя и Скотта Фицджеральда. Когда к нему на стол попадает рукопись неизвестного писателя Томаса Вульфа, он решает ее напечатать. Но личная встреча с автором заставляет Перкинса усомниться в собственном выборе."
143,Семь психопатов,"Комедия, Криминал",2012,США,8.2,"Колин Фаррелл и Вуди Харрельсон в черной комедии о писателе, который случайно переходит дорогу гангстеру-собачнику. Марти покинула муза, из-за чего он не может закончить многострадальный сценарий под названием «Семь психопатов». Его лучший друг Билли предлагает поучаствовать в похищении случайной собаки, чтобы вдохновиться, а заодно и подзаработать. Марти принимает предложение, вот только Билли забыл упомянуть, что собачка принадлежит Чарли – беспощадному гангстеру, который готов убить за любимого питомца."
144,Большая игра (2017),"Драма, Криминал, Биография",2017,США,8.8,"Драма Аарона Соркина на основе автобиографии известной аферистки Молли Блум, лично утвердившей на роль себя Джессику Честейн. Картина была номинирована на премии «Оскар» и «Золотой глобус» за лучший сценарий. Девушка, которой все пророчили карьеру успешной лыжницы, после травмы вынуждена подрабатывать в подпольном казино. Временная работа становится увлечением, а потом и основным занятием. Спустя несколько лет из подпольной ассистентки Молли вырастает в «принцессу покера» и хозяйку многомиллионного бизнеса – самого роскошного частного казино в Нью-Йорке. Но вслед за большими деньгами приходят и большие проблемы, когда Молли попадает в круг интересов мафии и властей."
145,Голод,"Драма, Триллер, Криминал, Биография",2008,Великобритания,6.9,"Полнометражный дебют Стива МакКуина об Ирландской голодовке 1981 года моментально принес автору славу и признание. Ирландская республиканская армия требует от Британии признания независимости своего региона, подвергая опасности жизни невинных людей. Попавшие в тюрьму бойцы хотят добиться статуса политзаключенных, ведь он позволит им отстоять свои принципы и значительно облегчит жизнь. Но Маргарет Тэтчер отказывается идти на уступки, и тогда 27-летний Бобби Сэндс объявляет смертельную голодовку."
146,Извержение,"Боевик, Триллер, Приключения, Катастрофа",2019,Южная Корея,8.1,"Извержение вулкана Пэктусан приводит к страшному землетрясению как в Северной, так и в Южной Корее. Эксперты прогнозируют, что это далеко не последний природный катаклизм. Чтобы избежать еще более масштабной катастрофы, нужно взорвать в шахте вулкана мощную бомбу. Для этого группе южнокорейских спецназовцев придется отправиться на территорию своего недружественного соседа и похитить ядерное оружие…"
147,Воин,"Драма, Спорт",2011,США,8.8,"Талантливый боец Томми Конлон возвращается домой после долгого отсутствия. Его отец Пэдди в прошлом был успешным боксером и уже много лет пытается преодолеть алкогольную зависимость. Томми мечтает одержать победу большом турнире и понимает, что отцовский опыт очень ему пригодится. Вместе мужчины пытаются побороть старые обиды и преодолеть трудности, но судьба готовит для них новый удар. На ринге Томми предстоит встретиться с собственным братом — Бренданом…"
148,Честный развод. Бенефис,"Комедия, Мелодрама",2023,Россия,7.3,"В жизни Миланы и Гены появляется неожиданный родственник. Александр Робак, Агата Муцениеце и Леонид Якубович в продолжении любимой комедии. Жизнь Миланы и Гены можно назвать идеальной, только вот девушка не верит в свои силы и считает, что ее карьера — заслуга звездного мужа. После выступления в провинции за кулисы к Милане неожиданно приходит ее отец, Альберт Плехов. Последние 20 лет он безуспешно пытается поставить уникальный мюзикл. Вдобавок ко всему теперь он должен крупную сумму опасным людям. Милана оказывается его последней надеждой, и он просит дочь помочь ему выбраться из проблем и исполнить свою мечту. Сможет ли дочь простить отца за ошибки прошлого, а заодно стать главной звездой постановки?"
149,Иван Васильевич меняет всё,"Комедия, Фантастика",2023,Россия,7.6,"Современный Шурик открывает портал во времена Ивана Грозного, и царь перемещается в настоящее. В прошлом оказываются вор-домушник Милославский и управдом Бунша, которым предстоит заправлять государственными делами. Ученый старается вернуть все на свои места, но машина времени, подключенная к VPN, постоянно кидает его по разным локациям. Шурик и Иван Васильевич путешествуют по эпохам и странам, меняя прошлое."
150,Одна дома,"Комедия, Семейный",2023,Россия,7.5,"В канун Нового года отчаявшийся инженер Артем пытается найти деньги на спасение своего друга. Ради этого он соглашается пойти на серию ограблений элитных квартир. В одной из них мужчина встречает хитрую девочку Стефанию. Она настойчиво просит незнакомца сделать ее сообщницей в надежде собрать деньги маме на подарок. У них всего одна новогодняя ночь, чтобы провернуть дело, но они еще не знают, сколько непредвиденных обстоятельств их ждет!"
151,Не хороните меня без Ивана,Драма,2022,Россия,8.5,"Начало XX века. Якут Степан страдает от внезапных приступов летаргического сна. Единственный, кто умеет отличать такое состояние от смерти, — краевед Иван Попов. Когда мужчина уезжает в продолжительную этнографическую экспедицию, Степан решает последовать за другом, чтобы не быть похороненным заживо."
152,Шаг к мечте: Раз и навсегда,"Драма, Комедия",2023,Китай,9.5,"У Чэнь Шо постоянные жизненные трудности. Парень мечтает стать известным танцором и изо всех сил старается пробиться в ряды лучших. Жизнь сводит его с Дин Лэем, тренером популярной стрит-дэнс команды. Попав туда, парень понимает, что путь к успеху будет намного сложнее, чем он представлял. Сможет ли герой преодолеть все испытания, подготовленные тренером, и прийти к долгожданной победе?"
153,Пальмы в снегу,"Драма, Мелодрама",2015,Испания,8.8,"Кларенс, недавно похоронившая своего отца Хакобо де Рабальтуэ, находит в его вещах письмо. Из него девушка узнает о том, что Хакобо когда-то давно любил женщину, но по неизвестной причине они не смогли быть вместе. В поисках ответов Кларенс отправляется на остров Фернандо-По, где прошла юность Хакобо. Какие тайны из прошлого отца откроются героине и сможет ли она найти его таинственную возлюбленную?"
154,Хищники (2022),"Триллер, Драма",2022,Испания,7.9,"Супруги Антуан и Ольга решают переехать из Франции в тихую испанскую деревню, чтобы заняться фермерством. Вот только местные жители не рады новым соседям и постоянно придираются к ним. Вскоре мелкие бытовые ссоры приводят к жестоким конфликтам, которые грозят обернуться настоящей трагедией."
155,Неспящие в Сеуле,"Мелодрама, Комедия",2023,Южная Корея,7.2,"Хён Джин работает в издательстве, которое планирует выпустить сборник автобиографических эссе об одиночестве. Одним из авторов выбирают лидера мнений Ён-хо, транслирующего философию жизни без отношений. Эрудированный и привлекательный писатель оказывается знакомым Хён Джин еще с университетских времен. Им предстоит вместе исследовать тему любви и одиночества в мегаполисе."
156,Телохранитель на фрилансе,"Боевик, Комедия",2023,США,7.5,"После гибели своей команды Мейсон Петтис уходит со службы и становится адвокатом. Однажды бывший товарищ предлагает ему стать временным охранником журналистки Клэр Веллингтон, которая должна взять интервью у известного диктатора. Во время опасной поездки они неожиданно оказываются в эпицентре государственного переворота. Мейсону предстоит вспомнить былые навыки, чтобы спасти Клэр, а заодно узнать, кто на самом деле виновен в гибели его товарищей."
157,Я делаю шаг,Мелодрама,2023,Россия,8.5,"Выпускник вуза Саша Макаров мечтает работать учителем в престижном столичном учреждении, но ему приходится устроиться в родную школу в Пскове. Ребята принимают молодого педагога в штыки, а завуч испытывает к нему неприязнь. Положиться Саша может лишь на подругу детства. Но доверие требует честности, а Макарову есть что скрывать от коллег по работе и учеников. Чтобы завоевать расположение ребят и сотрудников школы и вернуть любовь детства, Саша решает победить в престижном литературном конкурсе."
158,Моя пиратская свадьба,"Боевик, Комедия, Мелодрама",2022,США,7.2,Счастливые возлюбленные Дарси и Том готовятся провести свадьбу на райском острове. Особенный день пары внезапно омрачает появление банды пиратов. Преступники берут присутствующих на свадьбе в заложники и срывают чудесный праздник влюбленных. Дарси и Том решают спасти своих гостей и предпринимают смелую попытку остановить пиратов.
159,57 секунд,"Триллер, Фантастика",2023,США,7.5,"Молодой блогер Франклин Фаусти предотвращает покушение на гуру технологий Антона Бюррелла. После этого он находит загадочное кольцо, которое обронил многоопытный визионер. Вскоре Франклин выясняет, что необычный аксессуар позволяет носителю перемещаться назад во времени на 57 секунд. При поддержке Бюррелла Фаусти решает воспользоваться гаджетом и воплотить в жизнь план мести. Парень готовится наказать главу фармацевтической компании, ответственной за гибель его сестры."
160,Лев,"Драма, Биография",2016,Австралия,8.9,"Фильм, снятый по мемуарам Сару Брайерли «Долгая дорога домой», принес своим создателям шесть номинаций на «Оскар» и «Золотой глобус». Сару, маленький мальчик из бедной семьи в Индии, ненароком залезает в проходящий через его деревню поезд и уезжает в неизвестность. Через несколько дней мальчика находят и пристраивают в детский дом, где вскоре он обретает новую семью – милую австралийскую пару. Спустя 20 лет взрослого Сару начинают беспокоить смутные воспоминания, и он решает найти своих родных, даже если на это придется потратить многие годы…"
161,Что видно отсюда,Драма,2022,Германия,8.0,"Луиза с рождения живет в маленькой деревушке в окружении милых чудаков. Среди них и ее бабушка Сельма, которая обладает необычным даром: если женщине снится окапи, то на следующей день кто-то из жителей деревни умирает. Десять лет назад такой вещий сон навсегда изменил жизнь Луизы. Но приезд таинственного незнакомца в деревню покажет девушке, что такое настоящая любовь."
162,Влюблён без памяти,"Драма, Мелодрама, История",2022,Бельгия,7.6,"Муж Жюли пропал без вести в Первую мировую войну, но и спустя три года она продолжает верить в его возвращение. Наконец, в газете публикуют фото потерявшего память бродяги, в котором женщина узнает любимого. Жюли пытается разжечь в муже прежнюю страсть и вернуть его к профессии фотографа. Вскоре на пороге их дома появляется Роуз-Мари, утверждающая что этот человек — ее законный супруг и официант в кабаре."
163,Взаперти,"Триллер, Драма, Детектив",2020,Канада,8.6,"Диана в одиночку воспитывает дочь, прикованную к инвалидному креслу. Хлоя обучается на дому, принимает кучу медикаментов и совсем не общается со сверстниками. Заботливая мать контролирует каждый ее шаг, поэтому 17-летняя девушка вырастает совершенно не приспособленной к жизни. Хлоя очень наивна, но после одного странного инцидента начинает подозревать неладное."
164,Стрельцов,"Драма, Спорт, Биография",2020,Россия,8.8,"Уже в 20 лет у Стрельцова было все: деньги, слава, любовь поклонников и сравнение с великим Пеле. Его ценили команда и руководство, прощая хромающую дисциплину. Все с нетерпением ждали победных голов спортсмена на чемпионате мира по футболу в Швеции, куда торпедовец должен был выйти на пике формы. Всего за несколько дней до отъезда судьбу Стрельцова перечеркнули недоброжелатели, обвинив в тяжелом преступлении. Суд встал на сторону жертвы и приговорил футболиста к 12 годам заключения. Отсидев 5 лет, Стрельцов вышел на свободу и неожиданно для всего мира нашел силы вернуться к делу всей своей жизни."
165,Семь чёрных бумаг,"Драма, Военный",2024,Россия,7.0,"1942 год. Высоко в горах Северной Осетии семьи из деревни ждут новостей об ушедших на войну мужчинах. Жителям села начинают приходить похоронки, что погружает людей в отчаяние. Видя это, двое братьев просят почтальона скрывать извещения, пока не закончится война. Удастся ли парням обмануть горе или это лишь попытка отдалить чужое несчастье?"
166,"На солнце, вдоль рядов кукурузы","Драма, Биография",2023,Россия,7.3,"Дамир Юсупов с детских лет хотел пойти по стопам отца и стать летчиком. Он долго и стремительно боролся за свою мечту и в итоге пришел к цели. В августе 2019 года Дамир вместе с остальным экипажем гражданского рейса оказались в невероятно сложной ситуации. Воздушное судно при взлете столкнулось со стаей чаек, после чего у самолета отказали оба двигателя. Лишь храбрые и решительные действия Юсупова и его команды помогли спасти жизни 233 человек."
167,До встречи на Венере,"Драма, Мелодрама",2023,США,8.1,"Миа — полна энергии и позитива. Кайл — скромный и замкнутый юноша, которого уже ничего не радует. Они встречаются случайно, когда Миа ищет попутчика для поездки в Испанию на поиски родной мамы. Под напором девушки Кайл соглашается, и вместе они отправляются в удивительное приключение."
168,Юра дворник,"Комедия, Драма",2023,Россия,8.3,"Прототипы героев помогали актерам вжиться в образы. Юный фотограф Рома теряет работу и возвращается из столицы в родную Уфу. Он знакомится с наивным и жизнерадостным дворником Юрой, у которого куча долгов из-за мошенников. Желая помочь мужчине поправить финансовое положение, Рома снимает его в люксовом образе и размещает в соцсетях как звезду с обложки глянцевого журнала. Пост становится вирусным, и небывалая слава меняет жизни двух провинциальных парней."
169,Голова-жестянка,"Драма, Комедия",2023,Россия,8.5,"16-летняя Женя сильно изменилась после сотрясения мозга и ссоры с лучшим другом Приходько. Теперь она ходит с клюкой, разрушает со всеми отношения и смотрит на все с цинизмом. Больше всего достается Приходько, но ситуация меняется после прихода Жени в кружок робототехники. Руководитель помогает девушке взглянуть на мир с другой стороны и разобраться в своих отношениях."
170,Закат (2021),Драма,2021,Швеция,7.6,"Бархатистый белый песок, сверкающие блики на ярко-синих волнах и роскошь люксовых номеров. С идиллическим отдыхом в Акапулько мало что может сравниться. Его хочется продлить вечно, но известие о смерти прерывает долгожданный семейный отпуск."
171,Выкуп (2023),"Боевик, Комедия",2023,Южная Корея,8.8,"Конец 80-х. Скромный сотрудник дипкорпуса Южной Кореи Ли Мин-джун рассчитывает на повышение и распределение в США. Засидевшись допоздна, он принимает зашифрованное сообщение от коллеги, которого давно считают погибшим. Мин-джун отправляется в Ливан, чтобы спасти друга от террористов, а его помощником неожиданно становится местный таксист и мошенник Ким Пан-су."
172,Путешественница во времени,"Драма, Мелодрама",2022,Франция,7.9,"2052 год, Париж. 80-летняя Джулия прожила насыщенную жизнь. В свой день рождения она размышляет о решениях и обстоятельствах, сформировавших ее судьбу. Каким бы получился путь Джулии, если бы некоторые обстоятельства сложились иначе?"
173,Тори и Локита,Драма,2022,Бельгия,7.5,"17-летняя Локита и 10-летний Тори знакомятся на корабле в Бельгию. Кроме друг друга, им не на кого рассчитывать. Ребята притворяются братом и сестрой в надежде вместе легализоваться в стране, но миграционная служба настаивает на ДНК-тесте. Чтобы прокормить себя и отправить денег семьям, они устраиваются в пиццерию, которая служит прикрытием для рабства и наркоторговли."
174,Капитан Фантастик,"Драма, Комедия",2016,США,8.5,"Много лет назад Бен Кэш решил растить свое семейство вдали от цивилизации и школьного образования. Он воспитывает шестерых детей в лесу, обучая их наукам, языкам и навыкам выживания. Отшельничество заканчивается, когда Бен узнает, что его жена покончила жизнь самоубийством. Семья Кэшов отправляется на ее похороны, где дети впервые сталкиваются с реальным миром, к которому абсолютно не приспособлены."
175,Ёлки-иголки,"Комедия, Семейный",2022,Россия,8.4,"Романтическая комедия с Павлом Прилучным и Алиной Алексеевой о неожиданном приключении в новогоднюю ночь. Катя жутко не любит свидания, но в канун главного зимнего праздника мама отчаянно пытается познакомить ее с молодым человеком. Чтобы избежать романтического вечера, девушка вызывается встретить дядю своих соседей в аэропорту. С этого момента начинается самый странный и самый волшебный день ее года: она встречает не того дядю, знакомится с симпатичным парнем и скрывается от бандитов. Благодаря этим невероятным событиям Катя снова поверит в чудеса."
176,Короче говоря,"Мелодрама, Фантастика, Комедия",2021,Австралия,8.8,"Фантастический ромком о том, как важно ценить каждую минуту. Тедди не любит спешить и часто откладывает на потом важные вещи, будь то рабочие дела или свадьба с любимой женщиной. Однажды он осознает, что начал жить в ускоренном темпе: за несколько минут пролетает целый год его жизни. Стремительно ускользающее время подталкивает Тедди задуматься над своим поведением и исправить ошибки прошлого."
177,Выжившие. Бетонная утопия,"Триллер, Драма, Катастрофа",2023,Южная Корея,7.6,"В Сеуле происходит мощное землетрясение, которое разрушает почти весь город. Но одному жилому комплексу удается устоять, и горожане начинают стягиваться к этому островку надежды. Местные жители принимают непрошенных гостей в штыки и пытаются их прогнать. Они выбирают лидера и создают общину для выживания и защиты комплекса от чужаков."
178,Паралимпиец,"Драма, Спорт",2022,Казахстан,9.0,"Талантливый спортсмен Максат Куанышбаев мечтает победить на приближающихся Олимпийских играх. Планы одаренного лыжника перечеркивает страшная авария, после которой Максат остается без ноги. Жизнь молодого мужчины постепенно рушится, пока ему не предлагают вернуться в спорт и поучаствовать в Паралимпийских играх. Максату предстоит преодолеть сомнения и личные проблемы, чтобы вновь встать на лыжи и показать себя в деле."
179,Кухня со звёздами,Драма,2023,Франция,8.4,"Язид провел свое детство, переезжая от одной приемной семьи к другой. Все это время мальчик мечтал стать шеф-кондитером. Нескончаемые жизненные сложности и невысокое социальное положение не предвещали Язиду такой престижной карьеры. Однако юноша не переставал день за днем преодолевать преграды, чтобы наконец осуществить свою мечту."
180,Моё преступление,"Комедия, Драма, Детектив, Криминал",2023,Франция,8.0,"1930-е, Париж. Юная красотка Мадлен Вердье не может достичь высот в актерской карьере и вдобавок обвиняется в убийстве прославленного продюсера. Подруга девушки, адвокат Полин, помогает ей выиграть дело. После этого жизнь Мадлен преображается, и карьера идет в гору. Белая полоса в судьбе актрисы быстро прерывается, когда правда о случившемся всплывает на поверхность."
181,Непослушник,Комедия,2022,Россия,9.0,"Известный ютьюб-пранкер Дмитрий устраивает ради хайпа розыгрыш в стенах церкви, где служит друг его детства. Пранк быстро выходит из-под контроля, и на Диму заводят уголовное дело из-за оскорбления чувств верующих. Скрываясь от преследования полиции, он сбегает в Димитров монастырь под видом своего друга-послушника. Новое окружение помогает парню поменять свои взгляды на мир и встретить настоящую любовь."
182,Чемпион мира,"Драма, Спорт, История",2021,Россия,7.7,"1978 год. В филиппинском городе Багио проходит Чемпионат мира по шахматам. В числе претендентов — действующий чемпион мира Анатолий Карпов, юный гений и идеалист, и гроссмейстер Виктор Корчной — эмигрант и диссидент, резко критикующий Советский Союз. Перед Анатолием стоит крайне непростая и амбициозная задача — любой ценой одержать победу над предателем. Психологическое напряжение соперников растет день ото дня: игра длится несколько месяцев, и всего одна ошибка может привести к поражению."
183,В поисках снежного барса,"Документальный, Приключения",2021,Франция,8.5,"Авантюрный путешественник Сильвен Тессон, совершивший кругосветку на велосипеде, отправляется в удивительное путешествие по Тибетскому нагорью вместе с фотографом Винсентом Мюнье. Они мечтают увидеть легендарного снежного барса, «бархатную королеву» Тибета. В ожидании ирбиса путешественники размышляют о жизни, любуются дикой природой и обсуждают философские вопросы."
184,Аманат,"Драма, История, Биография, Военный",2022,Россия,8.0,"Еще ребенком Джамалутдин, сын имама Шамиля, попал в Российскую империю в качестве аманата. Мальчик вырос и дослужился до чина поручика. В России он нашел и свою любовь — дворянку Лизу Оленину. Сам царь Николай I благословил молодых и обещал присутствовать на свадьбе. Но внезапно имам Шамиль начинает боевые действия против России, чтобы вернуть сына. Джамалутдин принимает решение вернуться на родину, чтобы остановить кровопролитие. Какое будущее теперь ждет молодого горца и юную Лизу?"
185,Зеленая книга,"Драма, Комедия, Биография",2018,США,9.0,"История о дружбе, которая превыше любых предрассудков. Сюжет основан на биографии Дона Ширли — знаменитого на весь мир пианиста. Нью-Йорк, 1962 год. Вышибала ночного клуба итало-американского происхождения по кличке Тони Болтун ищет новую работу и попадает на интервью к Дону Ширли, которому нужен водитель для концертного тура по южным штатам Америки. Вместе они отправляются в путь, и эта поездка навсегда изменит жизни обоих… Кинокартина отмечена тремя премиями Оскар, в том числе за лучший фильм."
186,Первый Оскар,"Драма, История, Военный",2022,Россия,8.6,"Немецкие войска подступают к Москве осенью 1941 года. Студенты-операторы Лев Альперин и Иван Майский отказываются от эвакуации. Они отбывают на фронт в составе съемочной группы, отправляющейся в самое пекло предстоящей битвы. Работая на пределе возможностей, кинематографисты создают удивительную ленту, которая потрясет голливудскую публику."
187,Мальдивы подождут,Комедия,2023,Россия,7.5,"В отношениях молодой и успешной пары намечается скандал. Денис заявляет Еве, что уходит от нее к другой женщине и скоро собирается слетать с любовницей на Мальдивы. Поездка на райский курорт внезапно отменяется, когда Ева в порыве гнева бьет неверного парня по голове, а затем связывает и берет в заложники. За жарким семейным конфликтом тем временем скрытно наблюдает пробравшийся в дом вор. Удастся ли Еве силой вернуть любовь Дениса и какую роль в скандале сыграет ошеломленный грабитель?"
188,1941. Крылья над Берлином,"Драма, Боевик, История, Военный",2022,Россия,8.8,"Август 1941-го года. Советская авиация готовит рискованную операцию по бомбардировке Берлина – столицы гитлеровской Германии. Чтобы выполнить сложное и опасное задание, группе опытных летчиков и недавних курсантов под командованием полковника Преображенского предстоит совершить немыслимый подвиг."
189,Однажды в пустыне,"Драма, Боевик, Военный",2022,Россия,8.9,"Сирия, 2016 год. Опытный российский сапер Шаберов служит в Сирии и готовится достичь пика своей карьеры: ему скоро предстоит разминировать Пальмиру, захваченную боевиками. После завершения операции он рассчитывает отправиться домой вместе со своей возлюбленной, которую он недавно спас. Но чем ближе он подступает к древнему городу, тем жарче разгорается конфликт с капитаном группы, да и действия врага становятся жестче с каждым днем. Любовь и опасность переплетаются воедино, пока Шаберов готовится вступить в смертоносную схватку с противником."
190,Артек. Большое путешествие,"Комедия, Семейный",2022,Россия,7.9,"В детском лагере «Артек» Ромка, Ярик, Николетта и Елисей загадывают заветные желания у волшебного дерева. Неожиданно они переносятся назад в 1988 год, где встречают собственных родителей. Чтобы вернуться в будущее, ребятам предстоит подружиться со своими юными папами и мамами, а также помочь наладить им контакт друг с другом."
191,Бессмертные (2022),Драма,2022,Россия,7.9,"Четыре друга прошли войну в Афганистане и вернулись в Москву, где пытались адаптироваться к мирной жизни. Бывшим солдатам было непросто в 90-е, когда их подвигам и наградам никто не верил, из-за чего они старались не вспоминать лишний раз о своем прошлом. Спустя 20 лет они встречаются на похоронах боевого товарища, который умер от сердечного приступа. Их дружба и любовь к Родине проходят суровое испытание временем, заставляя задуматься о том, как сильно изменились ценности за последние десятилетия."
192,Папы,"Драма, Комедия",2022,Россия,8.8,"Эти новеллы рассказывают о том, насколько непростыми, запутанными и разными могут быть наши отношения с папами. Несмотря на возраст и жизненные невзгоды, мы все равно всегда остаемся для них детьми – неотъемлемой частью их судьбы."
193,Булки,Комедия,2022,Россия,8.3,"Таня живет в Подмосковье и мечтает о собственном кафе. Она талантливый повар и печет изумительные булочки, а пока работает на местном комбинате. Жених уверяет Таню, что после свадьбы ее жизнь изменится, но он оказывается мошенником и изменщиком. Несмотря ни на что, девушка планирует воплотить мечту в жизнь. Вместо медового месяца на Бали она отправляется на Шри-Ланку в зимнем пальто и с жутким похмельем."
194,Монах и бес,"Комедия, Фантастика",2016,Россия,8.7,"Начало XIX века. В мужской монастырь врывается странник в горящей одежде — Иван Шапошников. Его принимают, обеспечивают кровом и работой, но за нахальный нрав ему поручают много невыполнимых задач. Иван легко справляется с любыми делами, и люди начинают поговаривать, будто он способен творить чудеса. Однако настоятель сильно сомневается, что способности Ивана от Бога."
195,Доктор,Драма,2023,Россия,8.7,"Последняя роль Сергея Пускепалиса. Иван Христофоров работает психиатром в психоневрологическом отделении для подростков. Его пациенты — дети с самыми разными проблемами: от депрессии до гиперопеки. Христофоров, в отличие от других врачей, считает, что важнее спасти душу, а не накачивать несчастных таблетками. В погоне за чужим исцелением врач готов пожертвовать всем."
196,Беглец,"Боевик, Триллер",2023,США,7.6,"Секретный агент ЦРУ Том Харрис выполняет миссию по уничтожению ядерной программы Афганистана. Когда истинная личность оперативника раскрывается, ему приходится срочно бежать из страны. Самые смертоносные наемники со всего света открывают охоту на Харриса, пока он отчаянно пытается добраться до точки эвакуации в Кандагаре."
197,Легенда №17,"Драма, Спорт, Биография",2013,Россия,8.9,"Подающий надежды спортсмен знакомится с легендарным тренером Анатолием Тарасовым, который устраивает Харламову серию проверок на выносливость. Талантливый хоккеист блестяще их проходит и становится ведущим нападающим ЦСКА, но вскоре попадает в аварию. Валерий получает серьезную травму, и его участие в Суперсерии 1972 года «СССР — Канада» ставят под сомнение. Но в последний момент игрока включают в состав сборной и дают шанс продемонстрировать свои способности."
198,Ботан и супербаба,"Комедия, Фантастика",2022,Россия,8.6,"Застенчивому ученому из «Сколково» Ивану предстоит пойти на встречу выпускников, но проблема в том, что даже спустя пятнадцать лет ничего не изменилось — для своих одноклассников он так и остался ботаном. Чтобы впечатлить всех на встрече, он решает украсть девушку-андроида и превратить ее в супербабу с лицом первой красавицы школы. Вот только андроид оказывается спецразработкой, предназначенной для ведения боевых действий."
199,Пазманский дьявол,"Драма, Спорт, Биография",2016,США,8.8,"На пике своей карьеры чемпион мира попал в аварию, которая разделила всю его жизнь на до и после. Врачи диагностировали пострадавшему перелом шеи и сказали, что о спорте придется забыть навсегда. Не сумев отделаться от собственных притязаний на титулы, Винни тайком начинает посещать тренажерный зал. К чему приведет его рьяное упорство?"
200,Яйцо Фаберже,Комедия,2022,Россия,7.8,"Друзья детства Беляев и Кичин встречаются на дне жизни. Беляев когда-то мечтал стать актером, но зарабатывает на жизнь, продавая бабулям сковородки, а Кичин давно пошел по наклонной и промышляет мелким хулиганством. Их объединяет общее дело и желание заработать легкие деньги — надо всего-то украсть яйцо Фаберже из местного краеведческого музея. Может быть, все прошло бы удачно, но один из друзей влюбился в жену другого."
201,Кунг-фу жеребец,"Комедия, Боевик",2023,Китай,8.5,"Мастер боевых искусств Лао Ло отправляется на заслуженный отдых, посвящая все свободное время тренировкам с любимым скакуном. Однажды к мужчине заявляются коллекторы, которые хотят отобрать лошадь за долги. Завязывается драка, и Ло на скакуне эффектно дает отпор негодяям. Конфликт снимает местная молодежь и публикует видео в интернет. Ролик быстро становится вирусным, вот только с армией фанатов у Лао появляются и влиятельные враги."
202,Чук и Гек. Большое приключение,"Приключения, Семейный",2022,Россия,7.6,"Два веселых брата Чук и Гек со своей заботливой мамой отправляются в Сибирь к отцу-геологу, чтобы вместе отметить приближающийся Новый год. Волнующее путешествие к загадочным Синим горам оборачивается для озорных ребят увлекательным приключением. Мальчишки узнают, что в канун Нового года могут случиться самые удивительные чудеса!"
203,Движение вверх,"Драма, Спорт, Биография",2017,Россия,8.9,"Тренер сборной СССР по баскетболу Владимир Гаранжин славится своим лихим нравом. Он не только дерзит начальству госкомспорта, но и публично заявляет, что его игроки разобьют непобедимую команду США на Олимпиаде. За 36 лет никому не удавалось обыграть американцев, и заявление Гаранжина вызывает большой резонанс. Сможет ли он оправдать народные ожидания и привести сборную к победе?"
204,Звёзды мне укажут путь,"Мелодрама, Семейный",2022,Россия,7.6,"Александрина живет с мамой в маленьком провинциальном городке. Ее отец Гена давно ушел из семьи, чтобы посвятить себя музыке, но карьерные успехи прошли мимо него, как и семейное счастье. Гена скитается по прибрежным городам на своем фудтраке, торгует кофе и поет на улицах. Когда неприятности накрывают с головой, он узнает о предстоящем прослушивании дочери и вызывается отвезти ее в столичную академию."
205,Нефутбол,"Комедия, Спорт",2021,Россия,8.8,"С самого детства Дане Белых говорили, что футбол не для женщин. Несмотря на стереотипы, она становится капитаном футбольной команды. Но ее клубу грозит закрытие из-за финансовых проблем, игроки уходят, а тренер постоянно болеет. Только победа в решающих играх может спасти клуб, и Даня собирает в команду своих подруг детства. Вместе девушки хотят доказать, что женский футбол ничем не уступает мужскому."
206,На край света,Комедия,2019,Россия,8.2,"Инфантильный парень Миша никак не может решиться сделать своей девушке предложение. Она, обидевшись, уезжает во Владивосток. Миша едет за ней, чтобы уговорить вернуться и начать все заново. Но в поездке понимает, что гонится не за любимой, а за привычным состоянием комфорта, и встречает во Владивостоке новую любовь."
207,Обратимая реальность,"Фантастика, Триллер",2022,Россия,8.3,"Тимофей Трибунцев в научно-фантастическом триллере о цифровых технологиях в неправильных руках. Компания «Новая жизнь» предлагает заскучавшим мужчинам и женщинам разбавить серые будни яркими приключениями в виртуальной реальности. Развлечение выходит из-под контроля, когда игроки внезапно начинают сталкиваться с ожившими страхами. Сперва подозрения в хакерской атаке падают на антивиртов, выступающих против цифрового прогресса. Разобраться в происходящем берется сотрудник специальной полиции, который постепенно теряет тонкую грань между виртуальным и реальным миром, а вскоре сам становится главным подозреваемым."
208,Дикая,"Комедия, Приключения",2022,Россия,8.4,"Алена начинает карьеру модели в надежде покорить Москву. На вечеринке эффектная блондинка привлекает внимание бизнесмена Егора, который предлагает ей улететь в Ниццу прямо с банкета. Вместо этого изрядно выпившая пара прибывает в Якутию, где по стечению обстоятельств Алена остается в тайге одна. Вокруг хищники, а связи и еды — нет. Вооружившись пилочкой и губной помадой, девушка намеревается вернуться домой."
209,Солнце на вкус,"Приключения, Комедия, Фэнтези, Семейный",2023,Россия,8.0,Мальчик Тимур приезжает на каникулы к своему дедушке в солнечный Узбекистан. Среди покрытого пылью хлама он обнаруживает таинственный медальон с интригующими символами. Внезапная находка ведет Тимура к старинным сокровищам Бухарского эмира. Вместе со своим дедушкой мальчик отправляется навстречу захватывающим и полным испытаний приключениям.
210,Сноуден,"Триллер, Драма, Биография",2016,США,8.8,"Американский программист Эдвард работает на ЦРУ и верит, что служит на благо Родины. Однажды он случайно находит засекреченные материалы, которые подрывают его доверие к правительству США. Сноуден решает обнародовать файлы и отправляется на поиски политического убежища. Ради неудобной правды ему приходится отказаться от любимой девушки, блестящей карьеры и размеренной жизни."
211,Ночной дозор,"Фэнтези, Триллер, Боевик, Ужасы",2004,Россия,8.5,"Москва, 1992 год. Ночной дозор следит за соблюдением договора между силами добра и зла. Каждый человеческий проступок смещает чашу равновесия, и Антон Городецкий вносит в это свою лепту. Парень обращается к гадалке в надежде вернуть жену и поневоле становится одним из блюстителей хрупкого баланса. Антону суждено встретить последствия своих ошибок и принять положенное ему наказание."
212,Драйв,"Драма, Триллер, Боевик, Криминал",2011,США,8.1,"В центре сюжета – таинственный мужчина, совмещающий работу автомехаником, каскадером и водителем для грабителей. Однажды он встречает соседку, которая в одиночку заботится о своем ребенке, пока ее муж находится за решеткой. Виртуозный водитель сближается с женщиной и даже соглашается помочь ее супругу, когда тот выходит на свободу. Однако очередная криминальная операция идет не по плану, и он попадает в серьезные неприятности. Рискуя собственной жизнью, водитель отчаянно пытается спасти соседку от опасных преступников."
213,Любовь по вызову,"Драма, Комедия",2022,Великобритания,7.9,"Чувственная британская трагикомедия, получившая номинацию на «Золотой глобус». Долгое время интимная жизнь скромной 60-летней Нэнси была скучна и однообразна. Но спустя два года после смерти мужа она решается наконец получить удовольствие от секса. Нэнси снимает гостиничный номер, куда приглашает молодого парня по вызову Лео Гранде. Однако она никак не может расслабиться и чувствует себя неловко. Тогда Лео предлагает узнать друг друга получше. Постепенно между ними возникает особая связь, меняющая жизни обоих."
214,Правда пацана,Драма,2003,США,7.1,"Меланхоличная драма из нулевых с талантливыми актерами. Лиланд — скромный школьник, живущий с матерью в маленьком городке. Неожиданно для всех он совершает жестокое убийство приятеля с аутизмом. Никто не может понять мотив преступления, но парень отправляется в тюрьму на пожизненное заключение. Воспитатель из колонии для несовершеннолетних давно ищет сенсационную историю для своей книги. Он позволяет Лиланду вести дневник, чтобы выяснить правду о произошедшем."
215,После тебя,Драма,2016,Россия,8.7,"Артист балета Темников в равной мере известен своим безупречным талантом и отвратительным характером. Травма позвоночника, случившаяся с ним 20 лет назад, закрыла Темникову дорогу на сцену и заставила вернуться в родной провинциальный город. Ни танцевальная студия, ни беременная подруга, ни дочь-подросток не могут наполнить его жизнь счастьем, как это делал балет. Врачи прогнозируют Темникову полный паралич, и он решает выйти на сцену в последний раз."
216,Сквозь снег,"Фантастика, Драма, Триллер, Боевик",2013,Южная Корея,7.9,"Техногенная катастрофа уничтожает экологию Земли. За 17 лет вся планета покрывается снегом и льдом, а жизнь сохраняется лишь в гигантском поезде, мчащемся без остановок по трансевразийской магистрали. Первые вагоны состава занимает правящая элита, в последние – нищие работяги. Жизнь там напоминает концлагерь, пока униженные и оскорбленные не поднимают кровавый бунт."
217,Ван Гоги,Драма,2019,Россия,8.5,"Популярный дирижер Виктор не ладит со своим сыном Марком — талантливым, но неизвестным художником. Виктор всю жизнь издевается над сыном и считает его неудачником, Марк в ответ держит дистанцию. Но после того как Виктору выносят смертельный диагноз, сын и отец начинают тяжелый путь к сближению."
218,Убийца 2: Против всех,"Боевик, Драма, Триллер, Криминал",2018,США,8.5,"После очередного теракта власти США обращаются к агенту ЦРУ Мэтту Грейверу. Ему полностью развязывают руки и разрешают применять самые жесткие меры, чтобы не дать террористам проникнуть в страну через границу с Мексикой. Попасть в США нелегалам и убийцам помогают наркокартели, поэтому Мэтт вынужден вновь привлечь наемника Алехандро Гиллике. Вместе им предстоит похитить дочь наркобарона, имеющего связи в мексиканском правительстве…"
219,Главная роль,"Комедия, Драма",2021,Испания,7.3,"Заносчивый миллиардер мечтает вписать свое имя в историю, спродюсировав гениальное кино. Методика беспроигрышная: сценарий по книге Нобелевского лауреата, экстравагантная современная постановщица, а в главных ролях — стареющий секс-символ и умудренный актер-интеллектуал. Но вместо сотворения фестивального хита, эта гремучая смесь лишь вскрывает неприглядную изнанку шоу-бизнеса."
220,Вредная привычка,Комедия,2023,Россия,7.0,"Вася и его батя вместе жили в деревне, пока с ними не произошел несчастный случай. Из-за пожара родственники остались без дома. Беда и отсутствие денег вынудили их отправиться в город, чтобы найти выход из тупиковой ситуации. Вася предложил бате неожиданное спасение – купить абонемент в круглосуточный фитнес-клуб. Они начали проводить в нем дни и ночи, поэтому администрация решила избавиться от навязчивых клиентов."
221,На выдохе,Драма,2022,Россия,7.0,"Саша выросла в детдоме. Сейчас девушка живет самостоятельно и мечтает стать врачом, но пока у нее нет возможности оплатить институт. Поэтому героиня отдает силы боям без правил. Однажды ей удается приблизиться к цели: Сашу нанимают сиделкой к парню на инвалидном кресле. Это знакомство меняет их обоих и заставляет всерьез задуматься о будущем."
222,"Париж, я люблю тебя","Мелодрама, Комедия",2006,Франция,7.5,"Муж планирует расстаться с женой, но узнает ее страшный диагноз. Женщина пытается пережить смерть ребенка, а молодой парень в последние минуты жизни приглашает возлюбленную на свидание. За 18 эпизодов длительностью всего пять минут режиссеры успевают рассказать истории любви людей из разных округов Парижа и создать многоликий портрет города."
223,Как взломать экзамен,"Триллер, Драма, Криминал",2024,США,8.7,"Одаренная ученица решает разбогатеть, помогая мажорам-одноклассникам сдать финальный экзамен. События фильма разворачиваются в престижной школе в Лос-Анджелесе, где учатся дети богатых и влиятельных людей. Почти все проблемы этих парней и девушек решены их состоятельными родителями, но им все равно необходимо сдать грядущий экзамен. Для этого им потребуется помощь того, кому повезло меньше их. Одаренная ученица Линн из обычной семьи мигрантов готова помочь одноклассникам со сдачей экзамена. Она надеется воспользоваться ситуацией и обрести свое место под солнцем, бросая вызов законам элитной школы."
224,Тик-так,"Комедия, Драма",2025,Россия,7.4,"Планирующие развестись артисты должны найти выход из гримерки с тикающей бомбой и разобраться в своих отношениях. Актеры Артем и Алена Савельевы собираются расстаться в канун Нового года после 15 лет совместной жизни. Перед этим им предстоит в последний раз вместе выйти на сцену в образах Деда Мороза и Снегурочки в праздничном спектакле. Внезапно пара оказывается запертой в гримерке, где в одном из подарков находится тикающая бомба. Артем и Алена должны найти выход из опасной ситуации и параллельно с этим разобраться в непростых отношениях."
225,Худший человек на свете,"Драма, Комедия",2021,Швеция,7.7,"Юная студентка-феминистка Юлия начинает взрослую жизнь, твердо решив стать врачом. Она постоянно рефлексирует над своими поступками, ставит под сомнение свои и чужие ценности, пытаясь докопаться до сути. Ее беспокойная натура переживает постоянный внутренний конфликт: после нескольких месяцев учебы девушка приходит к мысли, что она хочет заниматься психологией, а после — увлекается писательством, издательским делом и фотографией. Мятежный дух Юлии толкает ее на смену профессий и возлюбленных, чтобы осознать свое истинное «я»."
226,Бендер: Начало,"Комедия, Приключения",2021,Россия,8.5,"Россия, 1919 год. Юный идеалист Ося знакомится с турецким аферистом Ибрагимом Бендером, который подбивает его на хитроумную авантюру: мошенник предлагает похитить царскую реликвию. За драгоценным жезлом уже ведут охоту безжалостные бандиты и белые офицеры, но сообщники не унывают. Осе предстоит многому научиться у Ибрагима: его лести и обаянию, деликатному обману, навыкам соблазнения и грубой силе. Но тут его угораздило влюбиться в самую чистую и невинную девушку города, а потом еще и в роковую иностранную красотку... Так складывается портрет легендарного комбинатора и любимца женщин Остапа Бендера-Задунайского."
227,Глубоководный горизонт,"Боевик, Драма, Триллер, Катастрофа",2016,США,8.8,"Инженер Майк Уильямс работает на нефтяной платформе «Глубоководный горизонт». Он прощается с родными и отправляется на очередную вахту в Мексиканский залив. Сотни других специалистов также прибывают на станцию, где скоро произойдет одна из страшнейших техногенных катастроф в истории. Одна роковая ошибка унесет жизни многих людей и сильно ударит по мировой экологии."
228,Честный развод,Комедия,2021,Россия,8.6,"Ради своей семьи Гена готов пойти на любые жертвы: много лет назад он отказался от бурной молодости и своей заветной мечты — стать звездой КВН. Все меняется, когда жена предлагает ему развестись. Тогда Гена решает пуститься во все тяжкие и едет на фестиваль КВН в Сочи. Компанию ему составляет прекрасная Милана — девушка легкого поведения. Она во всем поддерживает героя и верит в его талант, но на самом деле она мечтает развести Гену на крупную сумму денег."
229,Невозможное,"Драма, Триллер, Мелодрама, Катастрофа",2012,США,8.8,"Фильм основан на истории реальной семьи, а за исполнение роли Марии Уоттс номинировали на «Оскар» и «Золотой глобус». Генри и Мария отправляются на отдых в Таиланд с тремя сыновьями. Они располагаются у бассейна возле пляжа за несколько минут до землетрясения в Индийском океане. За считанные секунды ударная волна уносит жизни более 200 тысяч человек. Марии удается вынырнуть, но весь город находится под толщей воды, и нет никакой надежды, что ее близкие живы."
230,Море волнуется раз,Драма,2021,Россия,6.9,"Подростки Коля и Саша прячутся от всех в домике посреди леса. Влюбленные ищут уединения друг с другом и природой, а остальной мир их мало интересует. Идиллию солнечного лета разрушают постоянные кошмары Саши: ей снится, будто бы ее постоянно накрывает огромной волной. Однажды ребята находят в чаще леса другую хижину, где живут мужчина и женщина, которые очень похожи на них самих. Загадочное знакомство поможет героям разобраться в себе и своих чувствах."
231,Апокалипсис,"Боевик, Драма, Триллер, Приключения",2006,США,8.9,"Эпическая история пленника, пытающегося спасти себя и свою семью во время нападения соседнего племени. 1517 год, полуостров Юкатан. Соседи совершают яростную атаку на мирное племя индейца по имени Лапа Ягуара. Воины хватают людей, чтобы сделать из них рабов и использовать для жертвоприношений богам. Лапа Ягуара успевает спрятать свою любимую семью, но сам оказывается в плену у противника. Чувствуя приближение смерти, он должен собрать последние силы в кулак и оказать сопротивление безжалостному врагу, чтобы спасти тех, кто ему дорог."
232,Гипнотик,"Триллер, Фантастика, Детектив, Боевик",2023,США,7.3,"Детектив Дэнни Рурк отчаянно пытается разыскать исчезнувшую дочь. Вместе с тем он берется раскрыть серию таинственных преступлений. В течение расследования Рурк погружается в странную реальность, которая заставит его усомниться в собственном мировоззрении. Вместе с талантливым экстрасенсом Дианой Крус он выходит на след неординарного человека, способного влиять на сознание окружающих людей и заставлять их действовать по его команде. Детектив обнаруживает связь между исчезновением дочери и этими преступлениями и решает любой ценой раскрыть опасное дело."
233,Моя ужасная сестра,"Комедия, Семейный",2021,Россия,8.6,"Юля и Максим решают пожениться, хотя у каждого за спиной по неудачному браку. Они любят друг друга и верят, что их дети смогут найти общий язык. Но Лена и Маруся приходят к согласию лишь в том, что нужно любыми способами сорвать помолвку. Девчонки разрабатывают дерзкий план по возвращению себе прежней жизни!"
234,Спенсер,"Драма, Мелодрама, Биография",2021,Германия,7.6,"Канун Рождества, 1990 год. В поместье Сандригем съезжается вся королевская семья, кроме Дианы, которая заблудилась по дороге и сильно опаздывает. Ее брак с Чарльзом трещит по швам: все судачат о его изменах и предрекают паре скорый развод, но правила этикета вынуждают их изображать счастье и идиллию. Захочет ли Диана продолжить игру или вырвется на свободу?"
235,Вор,"Драма, Криминал",1997,Россия,8.8,"Фильм получил три награды на Венецианском кинофестивале — 1997 и пять на кинопремии «Ника». Папа шестилетнего Саньки погибает на войне. Вместе с матерью Катей он знакомится в поезде с отставным офицером Толяном. Одинокая женщина проникается доверием к красавцу-военному и влюбляется в него, а Санька счастлив вновь обрести отца. Они начинают жить вместе, но вскоре выясняется, что Толян вовсе не тот, за кого себя выдает."
236,Неадекватные люди 2,"Комедия, Драма",2020,Россия,8.6,"Прошло десять лет с момента действий в первой части. Кристина и Виталий живут размеренной семейной жизнью, но расходятся во взглядах на мир. Она занята делами по дому, а он проводит время на работе. Кристина предполагает, что это может быть связано с присутствием в офисе Виталия помощницы Сони — молодой и симпатичной."
237,Огонь,"Драма, Приключения, Катастрофа",2020,Россия,9.4,"Сезон лесных пожаров с небывалой силой накрывает среднюю полосу России. В группе спасателей Алексея Соколова пять отважных мужчин, каждый из которых готов без раздумий пожертвовать собой ради других. Недавно они потеряли товарища, и теперь ему на замену командир вынужден взять новобранца Ильина — ухажера своей дочери Кати. В этот момент из Карелии поступает вызов, и пожарные смело выдвигаются навстречу беспощадной стихии. Они еще не знают, с чем им придется столкнуться на этот раз..."
238,Верность,Драма,2019,Россия,8.0,"Эротическая драма о поисках своей сексуальности. В центре сюжета – обычная супружеская пара, в отношениях которой есть все, кроме секса… Решив, что супруг ей неверен, главная героиня проводит ночь с незнакомцем. И, изменив однажды, она уже не может остановиться и оказывается вовлеченной в игру, в которой нет победителя…"
239,Скажи ей,Драма,2021,Россия,7.8,"Санкт-Петербург, 1990-е. Светлана устает от инфантильности своего мужа Артема и подает на развод. Вместе с американцем Майклом, своим новым возлюбленным, она хочет переехать в США и забрать с собой 10-летнего сына Сашу. Артем возражает и просит оставить мальчика с ним. Противостояние родителей накаляется до предела, и они ставят Сашу перед непростым выбором. Как быть ребенку, когда родители давят на него и требуют принять серьезное решение?"
240,Полицейский с Рублёвки. Новогодний беспредел 2,Комедия,2019,Россия,8.7,"На этот раз полицейские из отделения на Рублевке готовятся к встрече праздника за городом в компании старых друзей и коллег. Но непредвиденные обстоятельства в лице «звериной банды» ставят под угрозу Новый год и профессиональное достоинство рублёвских полицейских. Смогут ли Яковлев и компания задержать преступников и спасти праздник до того, как часы пробьют двенадцать?"
241,Паразиты,"Триллер, Комедия, Драма",2019,Южная Корея,8.4,"Семья Ким живет в сыром грязном полуподвале, ворует интернет у соседей и еле сводит концы с концами. Когда друг сына уезжает на стажировку за границу, он предлагает заменить его – поработать репетитором у старшеклассницы в богатой семье Пак. Подделав диплом о высшем образовании, парень отправляется в роскошный особняк и производит должное впечатление на хозяйку дома. Вскоре ему в голову приходит хитрый план по трудоустройству сестры, а затем и остальных членов семьи."
242,Реальные пацаны против зомби,"Комедия, Фантастика",2020,Россия,7.8,"Спустя год город оцеплен военными, ученые пытаются найти вакцину, самолеты скидывают продовольствие. Но герои, как и остальные жители Перми, приспособились к новой реальности. Они живут обычной жизнью: ходят в кафе, занимаются бизнесом, строят планы на будущее и пытаются своими силами очистить город от зомби. Все налаживается, пока в один из обычных постапокалиптических дней не кусают Леру."
243,Страсти Христовы,Драма,2004,США,7.9,"33 год нашей эры, Иерусалим. Иисус Христос приходит в Гефсиманский сад помолиться после Тайной вечери, сталкиваясь с искушениями сатаны. Вскоре ученик Христа Иуда Искариот предает наставника за тридцать сребреников. Иисуса из Назарета берут под стражу, чтобы судить на глазах у народа."
244,Полицейский с Рублёвки. Новогодний беспредел,Комедия,2018,Россия,8.8,"В канун нового, 2019 года, отдел полиции «Барвиха Северное» оказывается под угрозой закрытия. Чтобы спасти родной отдел, полицейский с Рублевки Гриша Измайлов вынужден идти на крайние меры! Он решает вместе с оперативниками ограбить банк, рассчитывая, что коллеги во главе с Яковлевым раскроют дело, вернут деньги, и все сохранят работу в следующем году. Но все идет не так, как задумал Гриша Измайлов."
245,Офицеры,"Драма, Мелодрама, Военный",1971,СССР,8.9,"Авторам фильма удается достоверно развивать сюжет с начала 20-х до конца 60-х годов за счет личных воспоминаний об участии в войне. Молодые солдаты Алексей и Иван знакомятся на пограничной заставе. Они вместе отбиваются от басмачей и становятся верными друзьями, но судьба надолго разлучает их. Два образцовых офицера продолжают отдавать долг родине по отдельности, превращая службу в семейное дело. Пересекутся ли вновь пути боевых товарищей?"
246,Итальянец,Драма,2005,Россия,7.7,"Девочки и мальчики из детского дома мечтают обрести семью. Такой шанс выпадает 6-летнему Ване, которого хочет усыновить пара из Италии. Но мальчик отчаянно пытается воссоединиться со своей родной матерью и ради этого готов отказаться от беззаботной жизни под средиземноморским солнцем."
247,Маленькие победы,Комедия,2023,Франция,7.3,"Алиса из небольшого провинциального городка одновременно работает в местной школе и занимает кресло мэра. В ее классе внезапно появляется крайне необычный ученик – 60-летний Эмиль, решивший в немолодом возрасте обучиться грамоте. Тем временем жители городка постоянно приходят к ней со своими проблемами, требуя решить их как можно скорее. Сможет ли Алиса справиться с непростым испытанием и не потерять голову?"
248,11:14,"Триллер, Драма, Детектив, Ужасы, Криминал",2003,США,7.2,"Загадочный триллер о судьбе и играх времени. Ночь. По шоссе движется автомобиль, которым управляет Джек. Парень говорит по телефону, как вдруг неожиданно на лобовое стекло падает труп. Где-то в это время отец пытается спасти свою дочь от тюрьмы, подростки сбивают девушку, а парень отчаянно ищет деньги для своей беременной подруги. На первый взгляд их судьбы никак не связаны, но именно в 11:14 вся история сольется воедино."
249,Тренер,"Драма, Спорт",2018,Россия,8.9,"По вине Юрия Столешникова сборная России проигрывает отборочный матч на Чемпионат мира по футболу. Он завершает карьеру игрока, погружается в депрессию и два года не может найти работу. Внезапно Столешникова приглашают стать тренером команды «Метеор» из Новороссийска. Он знакомится с составом и понимает, что победить даже на отборочных турнирах лиги его подопечные смогут лишь с помощью чуда."
