title,genre,year,country,rate,description
1+1,"драма, комедия",2011,Франция,8.859,"Пострадав в результате несчастного случая, богатый аристократ Филипп нанимает в помощники человека, который менее всего подходит для этой работы, – молодого жителя предместья Дрисса, только что освободившегося из тюрьмы. Несмотря на то, что Филипп прикован к инвалидному креслу, Дриссу удается привнести в размеренную жизнь аристократа дух приключений."
Джентльмены,"криминал, комедия, боевик",2019,"США, Великобритания",8.673,"Один ушлый американец ещё со студенческих лет приторговывал наркотиками, а теперь придумал схему нелегального обогащения с использованием поместий обедневшей английской аристократии и очень неплохо на этом разбогател. Другой пронырливый журналист приходит к Рэю, правой руке американца, и предлагает тому купить киносценарий, в котором подробно описаны преступления его босса при участии других представителей лондонского криминального мира — партнёра-еврея, китайской диаспоры, чернокожих спортсменов и даже русского олигарха."
Триггер,драма,2018,Россия,8.45,"Психолог Артём Стрелецкий — сторонник шоковой терапии в лечении больных. Он считает, что единственный способ для человека решить свои проблемы — это понять себя и перестать себе врать. Если большинство психологов нянчатся с клиентами, по полгода выслушивают жалобы на жизнь, сочувствуют и получают при этом немалые деньги за цикл сеансов, то Артём постоянно провоцирует клиентов: оскорбляет их, смеется над ними, намеренно выталкивает из зоны комфорта. Практика Артема процветает, пока один из его пациентов не кончает жизнь самоубийством."
Гнев человеческий,"боевик, триллер",2021,"Великобритания, США",7.71,"Грузовики лос-анджелесской инкассаторской компании Fortico Security часто подвергаются нападениям, и во время очередного ограбления погибают оба охранника. Через некоторое время в компанию устраивается крепкий немногословный британец Патрик Хилл. Он получает от босса прозвище Эйч и, впритык к необходимому минимуму пройдя тесты по фитнесу, стрельбе и вождению, отправляется на первое задание. Вскоре и его грузовик пытаются ограбить вооруженные налётчики, но Эйч в одиночку расправляется с целой бандой и становится героем. Кажется, слава и уважение коллег его совершенно не интересуют, ведь он преследует свои цели."
Брат,"драма, криминал, боевик",1997,Россия,8.37,"Демобилизовавшись, Данила Багров возвращается в родной городок. Но скучная жизнь провинции его не устраивает, и он отправляется в Петербург, где, по слухам, уже несколько лет процветает его старший брат. Данила находит брата, но всё оказывается не так просто — брат работает наемным убийцей."
Волк с Уолл-стрит,"драма, криминал, биография, комедия",2013,США,8.095,"1987 год. Джордан Белфорт становится брокером в успешном инвестиционном банке. Вскоре банк закрывается после внезапного обвала индекса Доу-Джонса. По совету жены Терезы Джордан устраивается в небольшое заведение, занимающееся мелкими акциями. Его настойчивый стиль общения с клиентами и врождённая харизма быстро даёт свои плоды. Он знакомится с соседом по дому Донни, торговцем, который сразу находит общий язык с Джорданом и решает открыть с ним собственную фирму. В качестве сотрудников они нанимают нескольких друзей Белфорта, его отца Макса и называют компанию «Стрэттон Оукмонт». В свободное от работы время Джордан прожигает жизнь: лавирует от одной вечеринки к другой, вступает в сексуальные отношения с проститутками, употребляет множество наркотических препаратов, в том числе кокаин и кваалюд. Однажды наступает момент, когда быстрым обогащением Белфорта начинает интересоваться агент ФБР..."
Фишер,"детектив, драма, криминал, триллер",2023,Россия,7.854,"Интеллигентный следователь Валерий Козырев, его дерзкий напарник из Ростова Евгений Боков и другие коллеги расследуют преступления, связанные с серийными убийствами."
Игра престолов,"фэнтези, драма, боевик, мелодрама, приключения",2011,"США, Великобритания",9.011,"К концу подходит время благоденствия, и лето, длившееся почти десятилетие, угасает. Вокруг средоточия власти Семи королевств, Железного трона, зреет заговор, и в это непростое время король решает искать поддержки у друга юности Эддарда Старка. В мире, где все — от короля до наемника — рвутся к власти, плетут интриги и готовы вонзить нож в спину, есть место и благородству, состраданию и любви. Между тем никто не замечает пробуждение тьмы из легенд далеко на Севере — и лишь Стена защищает живых к югу от нее."
Достать ножи,"детектив, комедия, драма, криминал",2019,США,8.188,"На следующее утро после празднования 85-летия известного автора криминальных романов Харлана Тромби виновника торжества находят мёртвым. Налицо — явное самоубийство, но полиция по протоколу опрашивает всех присутствующих в особняке членов семьи, хотя, в этом деле больше заинтересован частный детектив Бенуа Блан. Тем же утром он получил конверт с наличными от неизвестного и заказ на расследование смерти Харлана. Не нужно быть опытным следователем, чтобы понять, что все приукрашивают свои отношения с почившим главой семейства, но Блану достаётся настоящий подарок — медсестра покойного, которая физически не выносит ложь."
Зеленая книга,"биография, комедия, драма",2018,"США, Китай",8.547,"1960-е годы. После закрытия нью-йоркского ночного клуба на ремонт вышибала Тони по прозвищу Болтун ищет подработку на пару месяцев. Как раз в это время Дон Ширли — утонченный светский лев, богатый и талантливый чернокожий музыкант, исполняющий классическую музыку — собирается в турне по южным штатам, где ещё сильны расистские убеждения и царит сегрегация. Он нанимает Тони в качестве водителя, телохранителя и человека, способного решать текущие проблемы. У этих двоих так мало общего, и эта поездка навсегда изменит жизнь обоих."
Холоп 2,комедия,2023,Россия,7.166,"Гриша, бывший мажор, побывавший холопом и ставший человеком, после путешествия в «прошлое» чутко реагирует на любую несправедливость. И, конечно, не может пройти мимо беспредела, который творит наглая и избалованная Катя. Ничего удивительного, что вскоре мажорка обнаруживает себя в другом времени."
Телохранители,комедия,2023,Россия,8.26,"Три боксера из Челябинска перед вылетом на Чемпионат мира решают подзаработать на Московском турнире по боям без правил. Узнав о нарушении спортивного режима, главный тренер исключает их из сборной. Парни грустно едят в ресторане, обсуждая бесславное возращение домой. В этом же заведении проходит деловой ужин известного московского адвоката, с охраной которого, не по вине ребят, завязывается конфликт. Боксеры демонстрируют свои навыки и закономерно оказываются в полиции. Им грозит тюремное заключение. Однако, адвокат предлагает сделку: стать его телохранителями или отправиться за решетку. Бравая троица решает сменить спортивные костюмы на классические."
Остров проклятых,"триллер, детектив, драма",2009,"США, Канада",8.56,"Два американских судебных пристава отправляются на один из островов в штате Массачусетс, чтобы расследовать исчезновение пациентки клиники для умалишенных преступников. При проведении расследования им придется столкнуться с паутиной лжи, обрушившимся ураганом и смертельным бунтом обитателей клиники."
Брат 2,"боевик, криминал",2000,"Россия, США",8.295,"Участвуя в программе на телевидении, Данила Багров встречает своих друзей по службе в Чечне. Одного из них внезапно убивают. Выясняется, что у того были неприятности из-за брата-хоккеиста в Америке. Данила должен разобраться. Он вылетает в Америку и за компанию берёт с собой старшего брата."
По щучьему велению,"фэнтези, приключения, семейный",2023,Россия,7.76,"Если ты идешь на рыбалку — будь готов к тому, что вытянешь рыбу своей мечты, волшебную Щуку, которая может исполнить три любых твоих желания. Только Емеля спустил два желания на ветер, а третье решил приберечь. Поэтому, чтобы добиться руки царской дочери Анфисы, придется ему действовать без волшебной силы, самому. А помогать ему будет Щука, которая без своей шкурки предстает обычной девушкой Василисой. Вместе им предстоит найти скатерть-самобранку, встретиться с Котом Баюном, отправиться в мрачное царство Кощея и понять, что настоящее чудо — это быть с тем, кого любишь."
Камбэк,"драма, триллер",2025,Россия,8.096,"Нижний Новгород, начало 2000-х. В телефонах — только звонки и «змейка», во дворах качают под Дельфина и Hi-Fi, а богатые чаще всего связаны с криминалом. Трое школьных друзей — Юра, Птаха и Олег — решают выручить одноклассницу Дашу, но вместо этого вляпываются в серьёзные неприятности. 
И неожиданно их спасает бездомный по прозвищу Компот. Он скитается в поисках заработка, его подкармливают в школьной столовой, а сам он ничего не помнит о своём прошлом — однажды он просто очнулся после тяжелых травм. Ребята понимают: этот человек спас им жизнь, и теперь они хотят раскопать тайну Компота и помочь ему вернуть себя настоящего."
Батя,"комедия, мелодрама",2020,Россия,7.886,"История о путешествии взрослого героя к своему Бате, суровому русскому мужику, который стал отцом на заре девяностых и воспитывал своего сына так, как это делали все советские люди."
Один дома,"комедия, семейный",1990,США,8.282,"Американское семейство отправляется из Чикаго в Европу, но в спешке сборов бестолковые родители забывают дома... одного из своих детей. Юное создание, однако, не теряется и демонстрирует чудеса изобретательности. И когда в дом залезают грабители, им приходится не раз пожалеть о встрече с милым крошкой."
Иван Васильевич меняет профессию,"комедия, фантастика, приключения",1973,СССР,8.793,"Инженер-изобретатель Тимофеев сконструировал машину времени, которая соединила его квартиру с XVI веком — точнее, с палатами государя Ивана Грозного. Туда-то и попадают тёзка царя пенсионер-общественник Иван Васильевич Бунша и квартирный вор Жорж Милославский, а сам великий государь оказывается в квартире Тимофеева."
Операция «Ы» и другие приключения Шурика,"комедия, мелодрама, криминал",1965,СССР,8.75,"Студент Шурик попадает в самые невероятные ситуации: сражается с хулиганом Верзилой, весьма оригинальным способом готовится к экзамену и предотвращает «ограбление века», на которое идёт троица бандитов — Балбес, Трус и Бывалый."
Папины дочки. Новые,комедия,2023,Россия,8.309,"Проклятие Васнецовых настигает уже повзрослевших дочерей семейного психотерапевта. В канун очередной годовщины свадьбы из дома сбегает Даша, оставив трудоголику Венику прощальное письмо, обручальное кольцо и четырёх дочерей. Теперь Вениамин, совсем как его тесть когда-то, вынужден стать для своих детей и папой, и мамой, и другом. А поможет ему в этом неунывающее семейство Васнецовых."
Бойцовский клуб,"триллер, драма, криминал",1999,"США, Германия",8.679,"Сотрудник страховой компании страдает хронической бессонницей и отчаянно пытается вырваться из мучительно скучной жизни. Однажды в очередной командировке он встречает некоего Тайлера Дёрдена — харизматического торговца мылом с извращенной философией. Тайлер уверен, что самосовершенствование — удел слабых, а единственное, ради чего стоит жить, — саморазрушение.

Проходит немного времени, и вот уже новые друзья лупят друг друга почем зря на стоянке перед баром, и очищающий мордобой доставляет им высшее блаженство. Приобщая других мужчин к простым радостям физической жестокости, они основывают тайный Бойцовский клуб, который начинает пользоваться невероятной популярностью."
Беспринципные,комедия,2020,Россия,7.738,"Добро пожаловать на Патриаршие. Смешные и волнующие подробности личной жизни богатых москвичей, которые, как и все, попадают в неловкие ситуации. Правда, ситуации у них не самые обычные... Жена чувствует себя виноватой, познакомившись с любовницей мужа. Муж прикрывается выдуманной дочерью друга. А друг толкает помощника на измену, потому что так хочет жена. И это только начало. Одним словом, неприличные истории о приличных, казалось бы, людях. "
Переводчик,"боевик, триллер, военный, история, драма",2022,"Великобритания, Испания, США",7.901,"Афганистан, март 2018 года. Во время спецоперации по поиску оружия талибов отряд сержанта армии США Джона Кинли попадает в засаду. В живых остаются только сам Джон, получивший ранение, и местный переводчик Ахмед, который сотрудничает с американцами. Очнувшись на родине, Кинли не помнит, как ему удалось выжить, но понимает, что именно Ахмед спас ему жизнь, протащив на себе через опасную территорию. Теперь чувство вины не даёт Джону покоя, и он решает вернуться за Ахмедом и его семьёй, которых в Афганистане усиленно ищут талибы."
Анора,"драма, мелодрама, комедия",2024,США,6.431,"Бруклин. Стриптизерша Анора, предпочитающая имя Эни, знакомится с сыном русского олигарха Ваней, который проводит всё время в вечеринках и развлечениях. Вскоре парень выкупает время Эни на неделю, предлагает слетать в Вегас, а там молодые люди спонтанно женятся. Узнав об этом из газет, родители Вани приходят в ярость и срочно вылетают из России в США, а разобраться в ситуации велят нью-йоркскому армянину Торосу, который должен был присматривать за их сыном."
Легенда,"криминал, триллер, драма",2015,"Великобритания, Франция, США",7.267,"Близнецы Реджи и Ронни Крэй — культовые фигуры преступного мира Великобритании 1960-х. Братья возглавляли самую влиятельную бандитскую группировку Ист-Энда. В их послужном списке были вооруженные грабежи, рэкет, поджоги, покушения, убийства и собственный ночной клуб, куда доезжали даже голливудские знаменитости. Среди их жертв — криминальные авторитеты Джек МакВитти и Джордж Корнелл."
Аватар,"фантастика, боевик, драма, приключения",2009,"США, Великобритания",7.999,"Бывший морпех Джейк Салли прикован к инвалидному креслу. Несмотря на немощное тело, Джейк в душе по-прежнему остается воином. Он получает задание совершить путешествие в несколько световых лет к базе землян на планете Пандора, где корпорации добывают редкий минерал, имеющий огромное значение для выхода Земли из энергетического кризиса."
Любовь и голуби,"мелодрама, комедия",1984,СССР,8.29,"Ликвидируя неисправность лебедки, Василий Кузякин получил травму и путевку на юг. Там он встретил роковую женщину Раису Захаровну и… вернулся Вася с курорта не к себе в деревню, а в дом Раисы Захаровны. Началась для него новая жизнь, в которой было много непонятного и интересного, но не было дома, где остались Надя, дети и голуби."
Маша и Медведь,"мультфильм, комедия, детский",2009,Россия,7.342,"О дружбе и приключениях маленькой озорной девочки Маши и ее заботливого друга Медведя. Их дружба является олицетворением комичных взаимоотношений между ребенком, исследующим окружающий мир, и взрослым, поддерживающим его в этом увлекательном приключении."
Кракен,"фантастика, приключения, драма, боевик",2025,Россия,7.697,"Разбуженный глубоководными взрывами геологов с полярной исследовательской станции, на русский атомный подводный крейсер нападает кракен — гигантский агрессивный осьминог. После исчезновения подлодки на её поиски направляется другая, под командованием Виктора Воронина, чей брат был командиром на пропавшей. Перед моряками стоит задача найти субмарину и вернуть или уничтожить находящееся на её борту сверхсекретное оружие."
"Ну, погоди!","мультфильм, комедия, приключения, детский",1969,"СССР, Россия",8.723,"Веселые приключения неразлучной парочки - хулигана Волка и смышленого Зайца. Любимые с детства сцены погонь, ссор и примирений, шутки и мелодии."
Холоп,"комедия, мелодрама",2019,Россия,7.188,"27-летний московский мажор Григорий ошалел от безнаказанности. Богатый папа стабильно его отмазывает, да так, что уже обновил автопарк и оборудование отделению полиции, где служит начальником его друг. После очередной выходки терпение отца иссякает, и он обращается к психологу, практикующему шоковые методы воздействия на пациентов.

Вскоре сынуля попадает в аварию и приходит в себя на деревенской конюшне. На дворе — Россия 1860 года, а сам он — бесправный конюх Гришка, которому за любую провинность и ослушание всегда готовы всыпать плетей, а то и вздёрнуть на глазах у всего честного народа."
Интерстеллар,"фантастика, драма, приключения",2014,"США, Великобритания, Канада",8.673,"Когда засуха, пыльные бури и вымирание растений приводят человечество к продовольственному кризису, коллектив исследователей и учёных отправляется сквозь червоточину (которая предположительно соединяет области пространства-времени через большое расстояние) в путешествие, чтобы превзойти прежние ограничения для космических путешествий человека и найти планету с подходящими для человечества условиями."
Мажор,"драма, криминал",2014,Россия,8.214,"Таких, как наш главный герой Игорь Соколовский, то есть детей высокопоставленных, богатых родителей, называют мажорами. Наш герой имеет юридическое образование, но ни одного дня не проработал. Безответственный прожигатель жизни. В один из загулов ночью он вступился за приятеля, подрался с полицейскими, выбил табельное оружие у офицера... В итоге отец лишает героя всего и отправляет работать в отделение полиции - то самое, в котором служат ночные полицейские. Его, мажора, там не ждут. Его презирают. Но именно там он начнет становиться мужчиной, встретит свою любовь и найдет убийцу мамы."
Побег из Шоушенка,драма,1994,США,9.111,"Бухгалтер Энди Дюфрейн обвинён в убийстве собственной жены и её любовника. Оказавшись в тюрьме под названием Шоушенк, он сталкивается с жестокостью и беззаконием, царящими по обе стороны решётки. Каждый, кто попадает в эти стены, становится их рабом до конца жизни. Но Энди, обладающий живым умом и доброй душой, находит подход как к заключённым, так и к охранникам, добиваясь их особого к себе расположения."
Метод,"триллер, криминал, драма",2015,Россия,8.393,"Родион Меглин — загадочная и неординарная личность, следователь высочайшего уровня, который раскрывает самые сложные убийства. Он привык работать в одиночку, не раскрывая секреты своего метода.

Выпускница юрфака Есеня становится стажером Меглина. У девушки есть личные мотивы для работы с прославленным следователем — мать Есени убили, а отец скрывает важные детали произошедшего, но она не оставляет надежды выйти на след убийцы.

Работа с Меглиным становится для Есени тяжелым испытанием. Профессиональные успехи и странное поведение учителя заставляют девушку задуматься: если Родион так тонко чувствует маньяков и может предсказать их действия, не является ли он сам одним из них?"
Пчеловод,"боевик, криминал",2024,"Великобритания, США",7.244,"Адам Клэй живет в тихом пригороде, занимается разведением пчёл и не распространяется о своей прошлой жизни. Он дружит с пожилой соседкой миссис Паркер, у которой арендует сарай. Однажды миссис Паркер становится жертвой кибермошенников, которые похищают деньги со всех её счетов. Не в силах вынести такой удар, женщина сводит счёты с жизнью. Осознав, что закон в данной ситуации бессилен, Адам решает применить все свои боевые навыки, чтобы вычислить преступников и отомстить."
Зверополис,"мультфильм, комедия, детектив, приключения, семейный",2016,США,8.318,"Добро пожаловать в Зверополис – современный город, населенный самыми разными животными, от огромных слонов до крошечных мышек. Зверополис разделен на районы, полностью повторяющие естественную среду обитания разных жителей – здесь есть и элитный район Площадь Сахары и неприветливый Тундратаун. В этом городе появляется новый офицер полиции, жизнерадостная зайчиха Джуди Хоппс, которая с первых дней работы понимает, как сложно быть маленькой и пушистой среди больших и сильных полицейских. Джуди хватается за первую же возможность проявить себя, несмотря на то, что ее партнером будет болтливый хитрый лис Ник Уайлд. Вдвоем им предстоит раскрыть сложное дело, от которого будет зависеть судьба всех обитателей Зверополиса."
Гарри Поттер и философский камень,"фэнтези, приключения, семейный",2001,"Великобритания, США",8.298,"Жизнь десятилетнего Гарри Поттера нельзя назвать сладкой: родители умерли, едва ему исполнился год, а от дяди и тёти, взявших сироту на воспитание, достаются лишь тычки да подзатыльники. Но в одиннадцатый день рождения Гарри всё меняется. Странный гость, неожиданно появившийся на пороге, приносит письмо, из которого мальчик узнаёт, что на самом деле он - волшебник и зачислен в школу магии под названием Хогвартс. А уже через пару недель Гарри будет мчаться в поезде Хогвартс-экспресс навстречу новой жизни, где его ждут невероятные приключения, верные друзья и самое главное — ключ к разгадке тайны смерти его родителей."
Начало,"фантастика, боевик, триллер, драма, детектив",2010,"США, Великобритания",8.671,"Кобб – талантливый вор, лучший из лучших в опасном искусстве извлечения: он крадет ценные секреты из глубин подсознания во время сна, когда человеческий разум наиболее уязвим. Редкие способности Кобба сделали его ценным игроком в привычном к предательству мире промышленного шпионажа, но они же превратили его в извечного беглеца и лишили всего, что он когда-либо любил. 

И вот у Кобба появляется шанс исправить ошибки. Его последнее дело может вернуть все назад, но для этого ему нужно совершить невозможное – инициацию. Вместо идеальной кражи Кобб и его команда спецов должны будут провернуть обратное. Теперь их задача – не украсть идею, а внедрить ее. Если у них получится, это и станет идеальным преступлением. 

Но никакое планирование или мастерство не могут подготовить команду к встрече с опасным противником, который, кажется, предугадывает каждый их ход. Врагом, увидеть которого мог бы лишь Кобб."
Зеленая миля,"драма, фэнтези, криминал",1999,США,9.078,"Пол Эджкомб — начальник блока смертников в тюрьме «Холодная гора», каждый из узников которого однажды проходит «зеленую милю» по пути к месту казни. Пол повидал много заключённых и надзирателей за время работы. Однако гигант Джон Коффи, обвинённый в страшном преступлении, стал одним из самых необычных обитателей блока."
Ландыши,"мелодрама, комедия, музыка",2024,Россия,8.242,"Катя Орлова и Леха Данилин встречаются в провинциальном русском городе и женятся в один день. Он — обычный парень, а она — рафинированная дочка миллиардера, выросшая в Лондоне и потерявшая родителей в автомобильной катастрофе. Их отношения — борьба противоположностей."
Области тьмы,"триллер, драма, фантастика",2011,США,8.03,"Нью-йоркский писатель Эдди, желая преодолеть чёрную полосу в жизни, принимает засекреченный препарат под названием NZT. Таблетка выводит мозг парня на работу в нереальной мощности. Этот творческий наркотик меняет всю жизнь Эдди, за короткий срок он зарабатывает кучу денег, но скоро начинает страдать от зловещих побочных эффектов препарата. А когда пытается найти других NZT-гениев, чтобы понять, как можно справиться с этим пристрастием, он узнает страшную правду…"
Пираты Карибского моря: Проклятие Черной жемчужины,"фэнтези, боевик, приключения",2003,США,8.385,"Жизнь харизматичного авантюриста, капитана Джека Воробья, полная увлекательных приключений, резко меняется, когда его заклятый враг капитан Барбосса похищает корабль Джека Черную Жемчужину, а затем нападает на Порт Ройал и крадет прекрасную дочь губернатора Элизабет Свонн.

Друг детства Элизабет Уилл Тернер вместе с Джеком возглавляет спасательную экспедицию на самом быстром корабле Британии, чтобы вызволить девушку и заодно отобрать у злодея Черную Жемчужину. Вслед за этой парочкой отправляется амбициозный коммодор Норрингтон, который к тому же числится женихом Элизабет.

Однако Уилл не знает, что над Барбоссой висит вечное проклятие, при лунном свете превращающее его с командой в живых скелетов. Проклятье будет снято лишь тогда, когда украденное золото Ацтеков будет возвращено пиратами на старое место."
Постучись в мою дверь,"мелодрама, комедия",2020,Турция,8.122,"Эда живёт вместе со своей тётей и работает в семейном цветочном магазине. Она мечтает уехать на стажировку в Италию, но лишается стипендии, которую местное архитектурное бюро Art Life выделяет для талантливых студентов. Обидевшись, девушка решает отомстить его владельцу, молодому и талантливому архитектору Серкану Болату. Но их знакомство оборачивается неожиданным договором — Эда получит полностью оплаченную поездку в Италию, если 2 месяца будет притворяться девушкой Серкана, чтобы он смог вернуть свою бывшую."
Субстанция,"ужасы, драма",2024,"Великобритания, Франция",6.28,"Слава голливудской звезды Элизабет Спаркл осталась в прошлом, хотя она всё ещё ведёт фитнес-шоу на телевидении. Когда её передачу собираются перезапустить с ведущей помоложе, от отчаяния Элизабет решает принять инновационный препарат, создатели которого обещают невероятное преображение, но при соблюдении правила одной недели. Так на свет появляется молодая красотка Сью. Девушка начинает делать карьеру в шоу-бизнесе и вскоре решает, что семи дней ей маловато."
Два холма,"комедия, фантастика",2022,Россия,7.596,"Что будет, если в результате биологической войны почти все мужское население вымрет? Женщины погорюют (недолго), а потом объединятся и создадут новый лучший мир — с экогородками, возобновляемой энергией, возможностями заниматься чем захочется, хоть наукой и биохакингом, хоть йогой и саморазвитием. Размножение теперь происходит путем искусственного оплодотворения, а рождаются в новом мире только девочки. 

Но не всем по нраву такое мироустройство. Часть оставшихся в живых мужчин и верных им женщин уходят жить в заброшенные мегаполисы, начинают воровать электричество, наслаждаясь свободой и традиционным сексом. Спокойствие идеально устроенного женского мира оказывается под угрозой, когда учительница Рада из экогорода «Два холма» встречает за его пределами молодого «примата» Геру."
Король и Шут,"драма, фэнтези",2023,Россия,8.092,"Горшок, Князь и Шут — герои панк-сказки, в которой студенты реставрационного училища стали одной из главных рок-групп страны, собрали «Юбилейный», покорили Москву, выступили как хедлайнеры на фестивале «Нашествие» и создали целую фэнтези-вселенную. Группа вошла в историю, а тексты их песен ожили в мире-фантазии, где Горшок и Князь отправляются спасать принцессу из плена колдуна."
Слово пацана. Кровь на асфальте,"драма, криминал",2023,Россия,8.113,"Казань, начало 1989 года. Пока родители борются за выживание, подростки сбиваются в уличные банды и бьются за асфальт. Буквально, чтобы контролировать всё, что стоит на «их» земле или передвигается по ней. Среди всеобщей нищеты — чёткие правила жизни, поддержка и слово пацана, которое сильнее клятвы.
14-летний Андрей из интеллигентной семьи, он учится в музыкальной школе и живёт с мамой и маленькой сестрёнкой. Однажды парня назначают подтянуть по английскому сверстника Марата — гопника из местной группировки. Пообщавшись с нормальным пацаном и решив, что ему надоело быть чушпаном, Андрей вступает в банду."
Вышка,триллер,2022,"Великобритания, США",6.762,"После гибели Дэна в результате падения со скалы его жена Бекки, ранее увлекавшаяся экстремальными развлечениями, впала в депрессию. Год спустя девушка всё ещё не может прийти в себя и регулярно заливает горе алкоголем, когда в её жизни внезапно появляется старая боевая подруга Хантер. Она предлагает почтить память Дэна, забравшись на телерадиомачту B67 и развеяв там его прах. Девушки отправляются к самому высокому сооружению Соединённых Штатов, даже не представляя, с чем им придётся столкнуться на его верхушке."
Монастырь,драма,2022,Россия,7.417,"Мария — обаятельная тусовщица, которая живёт за чужой счёт. Однажды в Эмиратах она едет в ночной клуб вместе с женой миллиардера, вечеринка выходит из-под контроля, и теперь Марии грозит тюрьма, её преследуют опасные люди, а счета оказываются заблокированы. Приходится бежать в Россию, но и дома она не в безопасности — и девушка укрывается в стенах монастыря."
Джентльмены удачи,"комедия, драма, криминал, детектив",1971,СССР,8.555,"Заведующему детсадом Трошкину фатально не повезло: он оказался как две капли воды похож на бандита по кличке «Доцент», похитившего уникальный шлем Александра Македонского.

Милиция внедряет добряка Трошкина в воровскую среду - и ему ничего не остается, кроме как старательно изображать своего двойника-злодея, путая всех окружающих. Со временем он настолько блестяще входит в роль, что сам начинает порой приходить в ужас. Между тем, жизни его угрожает смертельная опасность..."
Форрест Гамп,"драма, комедия, мелодрама, история, военный",1994,США,8.921,"Сидя на автобусной остановке, Форрест Гамп — не очень умный, но добрый и открытый парень — рассказывает случайным встречным историю своей необыкновенной жизни.

С самого малолетства парень страдал от заболевания ног, соседские мальчишки дразнили его, но в один прекрасный день Форрест открыл в себе невероятные способности к бегу. Подруга детства Дженни всегда его поддерживала и защищала, но вскоре дороги их разошлись."
Операция «Фортуна»: Искусство побеждать,"боевик, комедия",2022,"Великобритания, США",7.152,"Суперагент британской разведки Орсон Форчун наслаждался заслуженным отпуском, когда родине срочно понадобились его услуги. Из секретной лаборатории похищено предположительно смертельное оружие, поэтому, собрав команду из лучших оперативников, Орсон выходит на посредника в готовящейся сделке продажи — миллиардера и большого поклонника знаменитостей Грэга Симмондса. А чтобы подобраться к нему, в качестве прикрытия решает использовать известного голливудского актёра Дэнни Франческо."
Вампиры средней полосы,"детектив, комедия, фэнтези",2021,Россия,8.338,"Смоленск — среднестатистический город средней полосы России. Но не совсем. Много веков тут живут вампиры, которые хоть и позволяют себе охотиться на людей, но всё же свято чтут договор, по которому за каждое убийство нужно отдать хранителям на казнь одного из своих. Когда в березовой роще под Смоленском находят обескровленных парней, их мирная жизнь оказывается под угрозой. Теперь местной вампирской ячейке общества под руководством самого старого вампира деда Славы, он же — Святослав Вернидубович, предстоит в кратчайшие сроки найти нарушителя спокойствия."
Веном,"фантастика, боевик, ужасы",2018,"США, Китай",6.942,"Что, если в один прекрасный день в тебя вселится симбиот, который наделит тебя сверхчеловеческими способностями? Вот только Веном — симбиот совсем недобрый, и договориться с ним невозможно. А нужно ли договариваться? Ведь в какой-то момент ты понимаешь, что быть плохим вовсе не так уж и плохо, так даже веселее. А в мире и так слишком много супергероев."
Законопослушный гражданин,"боевик, триллер, драма, криминал",2009,США,8.06,"Семью Клайда Шелтона убивают двое грабителей. Однако они не получают по заслугам — прокурор идет на сделку с преступниками. Тогда Клайд решает по-своему отомстить убийцам, а также представителям власти и юстиции США."
Бриллиантовая рука,"комедия, криминал",1968,СССР,8.569,"В южном городке орудует шайка валютчиков, возглавляемая Шефом и его помощником Графом (в быту — Геной Козодоевым). Скромный советский служащий и примерный семьянин Семен Семенович Горбунков отправляется в зарубежный круиз на теплоходе, где также плывет Граф, который должен забрать бриллианты в одном из восточных городов и провезти их в загипсованной руке. Но из-за недоразумения вместо жулика на условленном месте падает ничего не подозревающий Семен Семенович, и драгоценный гипс накладывают ему."
Рик и Морти,"мультфильм, комедия, фантастика, приключения",2013,США,8.932,"В центре сюжета - школьник по имени Морти и его дедушка Рик. Морти - самый обычный мальчик, который ничем не отличается от своих сверстников. А вот его дедуля занимается необычными научными исследованиями и зачастую полностью неадекватен. Он может в любое время дня и ночи схватить внука и отправиться вместе с ним в безумные приключения с помощью построенной из разного хлама летающей тарелки, которая способна перемещаться сквозь межпространственный тоннель. Каждый раз эта парочка оказывается в самых неожиданных местах и самых нелепых ситуациях."
Иллюзия обмана,"криминал, триллер, детектив",2013,США,7.788,"Команда лучших иллюзионистов мира проворачивает дерзкие ограбления прямо во время своих шоу, играя в кошки-мышки с агентами ФБР."
Титаник,"мелодрама, триллер, драма",1997,США,8.388,"Апрель 1912 года. В первом и последнем плавании шикарного «Титаника» встречаются двое. Пассажир нижней палубы Джек выиграл билет в карты, а богатая наследница Роза отправляется в Америку, чтобы выйти замуж по расчёту. Чувства молодых людей только успевают расцвести, и даже не классовые различия создадут испытания влюблённым, а айсберг, вставший на пути считавшегося непотопляемым лайнера."
"Кавказская пленница, или Новые приключения Шурика","комедия, приключения, мелодрама, мюзикл",1966,СССР,8.521,"Отправившись в одну из горных республик собирать фольклор, студент Шурик влюбляется в симпатичную Нину — спортсменку, отличницу, комсомолку и просто красавицу. Однако банда из трёх человек похищает девушку, чтобы насильно выдать замуж. Поняв, что происходит, Шурик отважно бросается освобождать кавказскую пленницу."
Леон,"боевик, триллер, драма, криминал",1994,"Франция, США",8.671,"Профессиональный убийца Леон неожиданно для себя самого решает помочь 12-летней соседке Матильде, семью которой убили коррумпированные полицейские."
Атака титанов,"аниме, мультфильм, фантастика, драма, боевик, фэнтези",2013,Япония,8.729,"Уже многие годы человечество ведёт борьбу с титанами — огромными существами, которые не обладают особым интеллектом, зато едят людей и получают от этого удовольствие. После продолжительной борьбы остатки человечества построили высокую стену, окружившую страну людей, через которую титаны пройти не могли. С тех пор прошло сто лет, люди мирно живут под защитой стены. Но однажды подростки Эрен и Микаса становятся свидетелями страшного события — участок стены разрушается супертитаном, появившимся прямо из воздуха. Титаны нападают на город, и дети в ужасе видят, как один из монстров заживо съедает мать Эрена. Мальчик клянётся, что убьёт всех титанов и отомстит за человечество."
Паразиты,"драма, триллер, комедия",2019,Корея Южная,8.051,"Обычное корейское семейство Кимов жизнь не балует. Приходится жить в сыром грязном полуподвале, воровать интернет у соседей и перебиваться случайными подработками. Однажды друг сына семейства, уезжая на стажировку за границу, предлагает тому заменить его и поработать репетитором у старшеклассницы в богатой семье Пак. Подделав диплом о высшем образовании, парень отправляется в шикарный дизайнерский особняк и производит на хозяйку дома хорошее впечатление. Тут же ему в голову приходит необычный план по трудоустройству сестры."
Москва слезам не верит,"мелодрама, драма, комедия",1979,СССР,8.441,"Москва, 1950-е годы. Три молодые провинциалки приезжают в Москву в поисках того, что ищут люди во всех столицах мира — любви, счастья и достатка. Антонина выходит замуж, растит детей, любит мужа. Людмиле Москва представляется лотереей, в которой она должна выиграть свое особенное счастье. Катерина же отчаянно влюбляется, но избранник ее оставляет. Однако она не опускает руки, в одиночку растит дочь и к тому же успевает делать блестящую карьеру. В 40 лет судьба дарит ей неожиданную встречу."
Мажор в Сочи,"приключения, комедия",2022,Россия,7.22,"Московские массивные здания и оживлённые дороги Мажор сменит на живописные курортные виды, домик в горах и извилистые серпантины. Туда он перебирается вместе с дочерью Соней, где у них появился свой семейный бизнес — эко-отель. Но ещё до открытия всё идёт наперекосяк. Вначале в гостинице устраивают погром, затем Соколовский наткнётся на местного мажора и перейдёт дорогу сочинскому воротиле, который планирует снести целый жилой квартал, чтобы построить на его месте винодельню."
Шрэк,"мультфильм, фэнтези, мелодрама, комедия, приключения, семейный",2001,США,8.206,"Жил да был в сказочном государстве большой зеленый великан по имени Шрэк. Жил он в гордом одиночестве в лесу, на болоте, которое считал своим. Но однажды злобный коротышка — лорд Фаркуад, правитель волшебного королевства, безжалостно согнал на Шрэково болото всех сказочных обитателей.
И беспечной жизни зеленого великана пришел конец. Но лорд Фаркуад пообещал вернуть Шрэку болото, если великан добудет ему прекрасную принцессу Фиону, которая томится в неприступной башне, охраняемой огнедышащим драконом."
Мстители: Война бесконечности,"фантастика, боевик, приключения",2018,США,8.112,"Пока Мстители и их союзники продолжают защищать мир от различных опасностей, с которыми не смог бы справиться один супергерой, новая угроза возникает из космоса: Танос. Межгалактический тиран преследует цель собрать все шесть Камней Бесконечности — артефакты невероятной силы, с помощью которых можно менять реальность. Всё, с чем Мстители сталкивались ранее, вело к этому моменту — судьба Земли никогда ещё не была столь неопределённой."
Девчата,"мелодрама, комедия",1961,СССР,8.556,"В сибирский поселок приехала юная повариха Тося Кислицына — наивная и эксцентричная девчонка. Она сует свой нос во все дела, каждому стремится помочь. Местный красавец Илья на спор заводит с Тосей роман."
Достучаться до небес,"драма, комедия, криминал",1997,Германия,8.647,"Волею судеб две абсолютные противоположности, тихоня Руди и разгильдяй Мартин, оказываются в одной больничной палате. Узнав неутешительные прогнозы, друзья решают использовать последние дни на полную катушку — угнать машину с деньгами, напиться текилы, и, конечно, увидеть море."
Жил-был пёс,"мультфильм, комедия, короткометражка, семейный",1982,СССР,9.196,"Жил-был пёс. Верно служил, но выгнали его по старости. И решил он повеситься, да повстречал в лесу такого же старого волка..."
Граф Монте-Кристо,"триллер, драма, мелодрама",2024,"Франция, Бельгия",8.121,"1815 год. В день свадьбы с возлюбленной молодого капитана дальнего плавания Эдмона Дантеса по лживому доносу и несправедливому обвинению в государственной измене без суда и следствия отправляют в одну из самых страшных тюрем — в замок Иф. После 4 лет заключения в тюрьме он встречает ещё одного узника — аббата Фариа, который пытается прорыть тоннель для побега. Став помощником Фариа, Дантес узнает от него о месте, где спрятаны несметные богатства ордена тамплиеров. Спустя 10 лет, совершив побег и добравшись до сокровищ, Дантес становится загадочным графом Монте-Кристо и начинает воплощать хитроумный план мести, чтобы покарать тех, кто сломал ему жизнь."
Кухня,комедия,2012,Россия,8.18,"«Во все времена еда была рядом с людьми. Она искушает, вдохновляет, восхищает, отвращает. Но человек не может без еды, а значит тот, кто создает еду, может управлять миром...». Так думал Максим Лавров, когда шел осуществлять свою мечту – устраиваться поваром в один из самых дорогих ресторанов столицы.

Мечта сбылась, вот только на деле все вышло не так вкусно. Шеф-повар ресторана Виктор Баринов – настоящая звезда гастрономического бомонда, знающая как угодить взыскательной публике. Оборотная сторона этого идеального образа – злоупотребление алкоголем, страсть к азартным играм и невыносимый характер. В гневе Баринов страшен, в загуле – неукротим.

Арт-директор Виктория Гончарова – настоящая снежная королева, карьеристка с ледяным сердцем, однако именно с ней Макс проводит ночь до того, как пойти на новую работу. А вся команда поваров только и ждет промашки новичка, чтобы от души посмеяться."
Криминальное чтиво,"криминал, драма",1994,США,8.657,"Двое бандитов Винсент Вега и Джулс Винфилд ведут философские беседы в перерывах между разборками и решением проблем с должниками криминального босса Марселласа Уоллеса.
В первой истории Винсент проводит незабываемый вечер с женой Марселласа Мией. Во второй Марселлас покупает боксёра Бутча Кулиджа, чтобы тот сдал бой. В третьей истории Винсент и Джулс по нелепой случайности попадают в неприятности."
Трудные подростки,"драма, комедия, спорт",2019,Россия,8.181,"Некогда популярный футболист и капитан национальной сборной Антон Ковалёв, отсидев два года за пьяный дебош, выходит на свободу. Испорченная репутация не позволяет ему получить престижную работу. Воспитавший Антона глава центра для трудных подростков предлагает ему должность тренера, чтобы он подготовил непростых ребят к соревнованиям. Ковалёв соглашается, даже не представляя, насколько сложно ему будет найти общий язык с подопечными, и какое важное место они займут в его жизни."
Мстители: Финал,"фантастика, боевик, драма, приключения",2019,США,7.928,"Оставшиеся в живых члены команды Мстителей и их союзники должны разработать новый план, который поможет противостоять разрушительным действиям могущественного титана Таноса. После наиболее масштабной и трагической битвы в истории они не могут допустить ошибку."
"Поймай меня, если сможешь","криминал, биография, комедия",2002,"США, Канада",8.53,"Фрэнк Эбегнейл успел поработать врачом, адвокатом и пилотом на пассажирской авиалинии – и все это до достижения полного совершеннолетия в 21 год. Мастер в обмане и жульничестве, он также обладал искусством подделки документов, что в конечном счете принесло ему миллионы долларов, которые он получил по фальшивым чекам.

Агент ФБР Карл Хэнрэтти отдал бы все, чтобы схватить Фрэнка и привлечь к ответственности за свои деяния, но Фрэнк всегда опережает его на шаг, заставляя продолжать погоню."
Пятый элемент,"фантастика, боевик, комедия, мелодрама",1997,"Франция, Великобритания",8.181,"2257 год. Бывший секретный агент Корбен Даллас работает таксистом, ест в одном и том же ресторане и не ждёт перемен от жизни. Всё меняется, когда в его такси падает инопланетянка Лилу — единственное существо, способное спасти человечество. Вместе им предстоит остановить надвигающееся зло и предотвратить межгалактическую войну."
Поезд в Пусан,"ужасы, боевик",2016,Корея Южная,7.233,"У маленькой Су-ан день рождения. Девочка живет с отцом в Сеуле и очень хочет отправиться к маме в Пусан. По дороге случается непредвиденное, и на страну обрушивается загадочный вирус. Пассажирам поезда в Пусан — единственного города, отразившего атаки вируса — придется бороться за выживание. 442 километра в пути. Добро пожаловать на борт и помните — в этой гонке недостаточно выжить, чтобы остаться человеком."
Дюна,"фантастика, боевик, драма, приключения",2021,"США, Канада, Венгрия",7.675,"Наследник знаменитого дома Атрейдесов Пол отправляется вместе с семьей на одну из самых опасных планет во Вселенной — Арракис. Здесь нет ничего, кроме песка, палящего солнца, гигантских чудовищ и основной причины межгалактических конфликтов — невероятно ценного ресурса, который называется меланж. В результате захвата власти Пол вынужден бежать и скрываться, и это становится началом его эпического путешествия. Враждебный мир Арракиса приготовил для него множество тяжелых испытаний, но только тот, кто готов взглянуть в глаза своему страху, достоин стать избранным."
Кентавр,"триллер, драма, криминал",2023,Россия,7.779,"Таксист Саша предпочитает работать по ночам, когда нет пробок и, как он считает, люди раскрываются с другой стороны. Очередная его клиентка — эскортница Лиза — проникается к парню симпатией и просит покатать её по делам. Ночь только начинается, и, кажется, обоим есть, что скрывать."
Кибердеревня,"приключения, фантастика, комедия",2023,Россия,8.137,"2100 год. Николай счастливо живет с семьей в кибердеревне на Марсе. Он спокойно ведет роботизированное хозяйство, пока на планету не прилетает руководитель огромной корпорации — Барагозин, который хочет построить на месте деревни новый завод. Николай отправляется в полное опасностей и приключений путешествие до Земли, чтобы спасти свой дом."
Рататуй,"мультфильм, приключения, комедия, семейный, фэнтези, драма",2007,США,8.05,"Крыс Реми обладает уникальным вкусом. Он готов рисковать собственной жизнью, чтобы посмотреть любимое кулинарное шоу и раздобыть какую-нибудь приправку или просто свежий продукт. Реми живет со своими сородичами, которые его не понимают и не принимают его увлечения кулинарией. Когда Реми случайно попадает на кухню шикарного ресторана, он решает воспользоваться выпавшим ему шансом и проверить свои навыки. 

На эту же кухню попадает и юный Лингвини. Всё, на что он может рассчитывать — это должность уборщика. Но он тоже получает свой шанс."
Последний богатырь,"фэнтези, комедия, приключения, семейный",2017,Россия,7.236,"Победитель 5-го сезона «Битвы магов» белый маг Святозар, а на самом деле — обычный парень Иван, привычно пудрит мозги телезрителям и доверчивым клиентам, готовым поверить во что угодно. Однажды, спасаясь бегством от крепких охранников мужа очередной одураченной им домохозяйки, парень внезапно переносится из Москвы в сказочную страну Белогорье. А встреченный там старец объявляет Ивану, что тот — сын Ильи Муромца, и только он может их спасти. Так наш «белый маг» оказывается в эпицентре противостояния волшебных сил добра и зла, вот только сам парень уверен, что он тут совершенно ни при чём, и всё это — какая-то нелепая ошибка."
Служебный роман,"мелодрама, комедия, драма",1977,СССР,8.329,"Анатолий Ефремович Новосельцев, рядовой служащий одного статистического управления — человек робкий и застенчивый. Ему хотелось бы получить вакантное место зав. отделом, но он не знает как подступиться к этому делу. Старый приятель Самохвалов советует ему приударить за Людмилой Прокофьевной Калугиной — сухарем в юбке и директором заведения."
Пищеблок,"триллер, детектив, фэнтези",2021,Россия,7.36,"Пока вся страна следит за Олимпиадой-80, в пионерском лагере «Буревестник» на Волге происходят странные события. Дети загадочно исчезают по ночам, а потом возвращаются — но совсем не такими, как прежде. Увлеченные летней свободой и друг другом вожатые не замечают, как в их отрядах оживают страшные пионерские легенды, а руководство лагеря делает вид, что все в порядке. Разбираться в тайнах «Буревестника» придется мальчику Валерке и вожатому Игорю. Для начала им предстоит понять, остался ли в лагере хоть кто-то, кому можно доверять."
Очень странные дела,"ужасы, фантастика, фэнтези, триллер, драма, детектив",2016,США,8.369,"1980-е годы, тихий провинциальный американский городок. Благоприятное течение местной жизни нарушает загадочное исчезновение подростка по имени Уилл. Выяснить обстоятельства дела полны решимости родные мальчика и местный шериф, также события затрагивают лучшего друга Уилла – Майка. Он начинает собственное расследование. Майк уверен, что близок к разгадке, и теперь ему предстоит оказаться в эпицентре ожесточенной битвы потусторонних сил."
Джанго освобожденный,"вестерн, боевик, драма, комедия",2012,США,8.255,"Шульц — эксцентричный охотник за головами, который выслеживает и отстреливает самых опасных преступников. Он освобождает раба по имени Джанго, поскольку тот может помочь ему в поисках трёх бандитов. Джанго знает этих парней в лицо, ведь у него с ними свои счёты."
Министерство неджентльменских дел,"боевик, комедия, военный, история",2024,"США, Великобритания, Турция",7.322,"1942 год, Великобритания. Они — лучшие из лучших. Отпетые авантюристы и первоклассные спецы, привыкшие действовать в одиночку. Но когда на кону стоит судьба всего мира, им приходится объединиться в сверхсекретное боевое подразделение и отправиться на выполнение дерзкой миссии против нацистов. Теперь их дело — война, и вести они её будут совершенно не по-джентльменски."
Во все тяжкие,"криминал, драма, триллер",2008,США,8.926,"Школьный учитель химии Уолтер Уайт узнаёт, что болен раком лёгких. Учитывая сложное финансовое состояние дел семьи, а также перспективы, Уолтер решает заняться изготовлением метамфетамина. Для этого он привлекает своего бывшего ученика Джесси Пинкмана, когда-то исключённого из школы при активном содействии Уайта. Пинкман сам занимался варкой мета, но накануне, в ходе рейда УБН, он лишился подельника и лаборатории."
Тайна Коко,"мультфильм, фэнтези, комедия, приключения, семейный, музыка",2017,"США, Мексика",8.726,"12-летний Мигель живёт в мексиканской деревушке в семье сапожников и тайно мечтает стать музыкантом. Тайно, потому что в его семье музыка считается проклятием. Когда-то его прапрадед оставил жену, прапрабабку Мигеля, ради мечты, которая теперь не даёт спокойно жить и его праправнуку. С тех пор музыкальная тема в семье стала табу. Мигель обнаруживает, что между ним и его любимым певцом Эрнесто де ла Крусом, ныне покойным, существует некая связь. Паренёк отправляется к своему кумиру в Страну Мёртвых, где встречает души предков. Мигель знакомится там с духом-скелетом по имени Гектор, который становится его проводником. Вдвоём они отправляются на поиски де ла Круса."
Матрица,"фантастика, боевик",1999,"США, Австралия",8.499,"Жизнь Томаса Андерсона разделена на две части: днём он — самый обычный офисный работник, получающий нагоняи от начальства, а ночью превращается в хакера по имени Нео, и нет места в сети, куда он бы не смог проникнуть. Но однажды всё меняется. Томас узнаёт ужасающую правду о реальности."
Темный рыцарь,"фантастика, боевик, триллер, криминал, драма",2008,"США, Великобритания",8.537,"Бэтмен поднимает ставки в войне с криминалом. С помощью лейтенанта Джима Гордона и прокурора Харви Дента он намерен очистить улицы Готэма от преступности. Сотрудничество оказывается эффективным, но скоро они обнаружат себя посреди хаоса, развязанного восходящим криминальным гением, известным напуганным горожанам под именем Джокер."
Чебурашка,"семейный, комедия, фэнтези",2022,Россия,7.512,"На небольшой приморский городок обрушивается дождь из апельсинов, а вместе с фруктами с неба падает неизвестный науке мохнатый непоседливый зверёк. Одержимое апельсинами животное оказывается в домике нелюдимого старика-садовника Геннадия, который из вредности решает оставить его жить у себя, так как местная богачка жаждет заполучить необычного зверя для своей избалованной внучки. Также эта коварная женщина, владелица кондитерской фабрики, пытается выведать секрет шоколада у хозяйки маленького магазинчика — дочери Геннадия, много лет обиженной на отца."
Драйв,"криминал, драма, триллер",2011,США,7.245,"Великолепный водитель – при свете дня он выполняет каскадерские трюки на съёмочных площадках Голливуда, а по ночам ведет рискованную игру. Но один опасный контракт – и за его жизнь назначена награда. Теперь, чтобы остаться в живых и спасти свою очаровательную соседку, он должен делать то, что умеет лучше всего – виртуозно уходить от погони."
Стражи Галактики,"фантастика, боевик, приключения, комедия",2014,"США, Великобритания",7.86,"Отважному путешественнику Питеру Квиллу попадает в руки таинственный артефакт, принадлежащий могущественному и безжалостному злодею Ронану, строящему коварные планы по захвату Вселенной. Питер оказывается в центре межгалактической охоты, где жертва — он сам.

Единственный способ спасти свою жизнь — объединиться с четверкой нелюдимых изгоев: воинственным енотом по кличке Ракета, человекоподобным деревом Грутом, смертельно опасной Гаморой и одержимым жаждой мести Драксом, также известным как Разрушитель. Когда Квилл понимает, какой силой обладает украденный артефакт и какую опасность он представляет для вселенной, одиночка пойдет на все, чтобы сплотить случайных союзников для решающей битвы за судьбу галактики."
Топи,триллер,2021,Россия,6.9,"Столкнувшись с неразрешимыми проблемами, пять молодых москвичей убегают в монастырь неподалеку от полузаброшенной деревни Топи. Они воспринимают поездку как приключение, долгожданную свободу от забот и возможность забыться. Однако путешествие оборачивается чередой загадочных событий, которые лишь приближают то, от чего они бежали, и заставляют сомневаться в реальности происходящего. "
Дом Дракона,"фэнтези, боевик, драма, мелодрама",2022,США,8.128,"После смерти короля Визериса династия Таргариенов начинает бескомпромиссную борьбу за Железный трон. Предводительницей «черной» ветви становится принцесса Рейнира, а на стороне «зеленой» оказывается ее лучшая подруга и дочь десницы короля Алисента. В битве за престол соперницы заручаются поддержкой неожиданных союзников, плетут интриги — и используют разрушительную мощь драконов."
Чернобыль,"драма, история",2019,"США, Великобритания",8.75,"26 апреля 1988 года химик Валерий Легасов, надёжно спрятав шесть аудиокассет со своими воспоминаниями, вешается у себя в квартире.

26 апреля 1986 года в 1:23:45 во время проведения эксперимента по безопасности на Чернобыльской АЭС происходит взрыв реактора и пожар. Поднятые по тревоге пожарные без спецзащиты прибывают на место аварии, не подозревая, что оказались в эпицентре крупнейшей в истории человечества техногенной катастрофы. Руководство ЧАЭС уверяет Кремль, что ситуация под контролем, и радиационный фон в норме, но по настоянию академика Легасова его вместе с зампредседателя Совета Министров Борисом Щербиной отправляют разобраться в происходящем на месте."
Майор Гром: Чумной Доктор,"боевик, криминал, детектив, комедия",2021,Россия,7.292,"Майор полиции Игорь Гром известен всему Санкт-Петербургу пробивным характером и непримиримой позицией по отношению к преступникам всех мастей. Неимоверная сила, аналитический склад ума и неподкупность — всё это делает майора Грома идеальным полицейским. Но всё резко меняется с появлением человека в маске Чумного Доктора. Заявив, что его город «болен чумой беззакония», он принимается за «лечение», убивая людей, которые в своё время избежали наказания при помощи денег и влияния. Общество взбудоражено. Полиция бессильна. Игорь впервые сталкивается с трудностями в расследовании, от итогов которого может зависеть судьба всего города."
Беспринципные в деревне,комедия,2023,Россия,6.655,"Отставному генералу Хадякову стукнуло 60 лет, и он решает отпраздновать юбилей не на Патриках, а в настоящей русской деревне — с полным погружением, праздничной трапезой, баней, рыбалкой и деревенским спа. Приглашены все любимые герои, но праздник идёт не по плану. Жители Патриков умудряются настроить против себя местных жителей, переругаться между собой и остаться без пропитания."
Три кота,"мультфильм, детский, приключения",2015,Россия,8.239,"Три кота — история о повседневной жизни, отношениях и приключениях трех маленьких любознательных котят Коржика, Компота и Карамельки. В их большой семье жизнь никогда не стоит на месте: вместе они учатся выражать эмоции, поддерживать друг друга и находить выход из любой, даже непростой на первый взгляд ситуации, при помощи фантазии и родительского совета."
Т-34,"драма, военный, боевик, история",2018,Россия,6.938,"В ноябре 1941 года в деревне Нефёдовка вчерашний курсант Николай Ивушкин был вынужден принять командование единственным уцелевшим танком и вступить в неравное противостояние с немецкой танковой ротой, приближавшейся к Москве. Силами противника командовал опытный гауптман Клаус Ягер, но это не спасло его подразделение от поражения, хоть самому ему и удалось ранить нашего курсанта.

Летом 1944 года уже пытавшийся совершить несколько побегов Ивушкин попадет в концлагерь в Тюрингии. Там же оказывается и его «старый знакомый» Ягер, который решает использовать навыки Николая для тренировки немецких кадетов. Он распоряжается собрать тому команду и выдать только что прибывшую с фронта новую модель танка Т-34, не зная, что идею побега Ивушкин не оставил."
Гладиатор,"история, боевик, драма",2000,"США, Великобритания, Мальта, Марокко",8.591,"Римская империя. Бесстрашного и благородного генерала Максимуса боготворят солдаты, а старый император Марк Аврелий безгранично доверяет ему и относится как к сыну. Однако опытный воин, готовый сразиться с любым противником в честном бою, оказывается бессильным перед коварными придворными интригами. Коммод, сын Марка Аврелия, убивает отца, который планировал сделать преемником не его, а Максимуса, и захватывает власть. Решив избавиться от опасного соперника, который к тому же отказывается присягнуть ему на верность, Коммод отдаёт приказ убить Максимуса и всю его семью. Чудом выжив, но не сумев спасти близких, Максимус попадает в плен к работорговцу, который продаёт его организатору гладиаторских боёв Проксимо. Так легендарный полководец становится гладиатором. Но вскоре ему представится шанс встретиться со своим смертельным врагом лицом к лицу."
Легенда №17,"биография, спорт, драма",2012,Россия,8.052,История жизни хоккеиста Валерия Харламова.
Август,"триллер, военный, история",2025,Россия,7.804,"Август 1944 года. Глухие леса Западной Белоруссии. Средиземье, недавно освобожденная территория — особая зона, где действуют оставленные в советском тылу вражеские разведывательно-диверсионные группы. Советские войска переходят государственную границу, война поворачивает вспять. Помешать этому может удар в спину наступающей армии. Предотвратить нападение могут только контрразведчики СМЕРШ."
Батя 2. Дед,комедия,2025,Россия,7.633,"Во время развода с женой Макс вспоминает детство, когда родители, которые тоже собирались разводиться, отправили его на лето к деду-фронтовику в деревню. Тогда строгий дед стал настоящим другом и учителем для мальчика, а также свидетелем и участником его многочисленных проделок."
Джон Уик 4,"боевик, триллер, криминал",2023,"США, Германия",7.622,"Оставляя за собой горы трупов, Джон Уик продолжает скрываться от всевозможных наёмных убийц, и теперь охоту на него возглавляет молодой и честолюбивый член Правления по имени Маркиз. Два управляющих отелями «Континенталь» в Нью-Йорке и Осаке, решившие по старой дружбе помочь своенравному киллеру, уже жестоко за это поплатились, но внезапно Джон узнаёт способ выбраться из этой, казалось бы, безвыходной ситуации."
Доктор Стрэндж,"фантастика, фэнтези, боевик, приключения",2016,США,7.537,"Страшная автокатастрофа поставила крест на карьере успешного нейрохирурга Доктора Стрэнджа. Отчаявшись, он отправляется в путешествие в поисках исцеления и открывает в себе невероятные способности к трансформации пространства и времени. Теперь он — связующее звено между параллельными измерениями, а его миссия — защищать жителей Земли и противодействовать злу, какое бы обличие оно ни принимало."
Хатико: Самый верный друг,"драма, семейный, биография",2008,"США, Великобритания",8.382,"Однажды, возвращаясь с работы, профессор колледжа нашел на вокзале симпатичного щенка породы акита-ину. Профессор и Хатико стали верными друзьями. Каждый день пес провожал и встречал хозяина на вокзале."
Исчезнувшая,"триллер, драма, детектив",2014,США,7.967,"Всё было готово для празднования пятилетия супружеской жизни, когда вдруг необъяснимо пропала виновница торжества. Остались следы борьбы в доме, кровь, которую явно пытались стереть, и цепочка подсказок в игре «охота за сокровищами» - жена ежегодно устраивала её для своего обожаемого мужа. И похоже, что эти подсказки дают шанс пролить свет на судьбу исчезнувшей."
Терминатор 2: Судный день,"фантастика, боевик, триллер",1991,"США, Франция",8.42,"Прошло более десяти лет с тех пор, как киборг из 2029 года пытался уничтожить Сару Коннор — женщину, чей будущий сын выиграет войну человечества против машин.

Теперь у Сары родился сын Джон и время, когда он поведёт за собой выживших людей на борьбу с машинами, неумолимо приближается. Именно в этот момент из постапокалиптического будущего прибывает новый терминатор — практически неуязвимая модель T-1000, способная принимать любое обличье. Цель нового терминатора уже не Сара, а уничтожение молодого Джона Коннора.

Однако шансы Джона на спасение существенно повышаются, когда на помощь приходит перепрограммированный сопротивлением терминатор предыдущего поколения. Оба киборга вступают в смертельный бой, от исхода которого зависит судьба человечества."
Три богатыря и Конь на троне,"мультфильм, комедия, приключения, семейный",2021,Россия,7.474,"Как всегда, конь Юлий вляпался в историю. А заодно и Князю удружил — они случайно поменялись телами, конечно, не без помощи старой знакомой — Бабы Яги и небольшого колдовства. Теперь Юлий заседает во дворце и благоустраивает Киев, а Князь пашет поле. Вот такие игры престолов. Но долго так продолжаться не может, отечество в опасности! И как всегда, за дело берутся три богатыря."
Инспектор Гаврилов,комедия,2023,Россия,8.19,"В надежде начать новую жизнь рецидивист Саша Медный решается на последнее ограбление. Но все идет не по плану. Скрываясь от преследования на поезде до Владивостока, он присваивает себе имя и форму соседа по купе — майора Гаврилова. Так недавний мошенник становится блюстителем порядка — начальником полиции провинциального Усть-Шахтинска. Насаждая в городе свои порядки, Медный переворачивает обычный уклад российской глубинки."
Мстители,"фантастика, боевик, фэнтези, приключения",2012,США,7.894,"Локи возвращается, и в этот раз он не один. Земля оказывается на грани порабощения, и только лучшие из лучших могут спасти человечество. Глава международной организации Щ. И. Т. Ник Фьюри собирает выдающихся защитников справедливости и добра. Под предводительством Капитана Америки Железный Человек, Тор, Невероятный Халк, Соколиный Глаз и Чёрная Вдова вступают в войну с захватчиком."
Гарри Поттер и узник Азкабана,"фэнтези, приключения, семейный",2004,"Великобритания, США",8.252,"Гарри, Рон и Гермиона возвращаются на третий курс школы чародейства и волшебства Хогвартс. На этот раз они должны раскрыть тайну узника, сбежавшего из тюрьмы Азкабан, чье пребывание на воле создает для Гарри смертельную опасность."
Мастер,"боевик, криминал",2025,"Великобритания, США",7.015,"Бывший британский спецназовец Левон Кейд оставил войну в прошлом и теперь работает бригадиром на стройке. Он всегда поможет в трудную минуту и не допустит несправедливости, за что его уважают коллеги. Однажды у близких ему людей бандиты похищают 19-летнюю дочь. Полиция бездействует, и Левон по просьбе родителей решает самостоятельно найти девушку и вернуть её домой."
ВАЛЛ·И,"мультфильм, фантастика, приключения, семейный",2008,США,8.366,"Робот ВАЛЛ·И из года в год прилежно трудится на опустевшей Земле, очищая нашу планету от гор мусора, которые оставили после себя улетевшие в космос люди. Он и не представляет, что совсем скоро произойдут невероятные события, благодаря которым он встретит друзей, поднимется к звездам и даже сумеет изменить к лучшему своих бывших хозяев, совсем позабывших родную Землю."
Властелин колец: Братство кольца,"фэнтези, приключения, драма, боевик",2001,"Новая Зеландия, США",8.63,"Сказания о Средиземье — это хроника Великой войны за Кольцо, длившейся не одну тысячу лет. Тот, кто владел Кольцом, получал неограниченную власть, но был обязан служить злу. 
Тихая деревня, где живут хоббиты. Придя на 111-й день рождения к своему старому другу Бильбо Бэггинсу, волшебник Гэндальф начинает вести разговор о кольце, которое Бильбо нашел много лет назад. Это кольцо принадлежало когда-то темному властителю Средиземья Саурону, и оно дает большую власть своему обладателю. Теперь Саурон хочет вернуть себе власть над Средиземьем. Бильбо отдает Кольцо племяннику Фродо, чтобы тот отнёс его к Роковой Горе и уничтожил."
Король Лев,"мультфильм, мюзикл, фэнтези, драма, приключения, семейный",1994,США,8.775,"У величественного Короля-Льва Муфасы рождается наследник по имени Симба. Уже в детстве любознательный малыш становится жертвой интриг своего завистливого дяди Шрама, мечтающего о власти.
Симба познаёт горе утраты, предательство и изгнание, но в конце концов обретает верных друзей и находит любимую. Закалённый испытаниями, он в нелёгкой борьбе отвоёвывает своё законное место в «Круге жизни», осознав, что значит быть настоящим Королём. "
Дэдпул,"боевик, комедия",2016,США,7.584,"Уэйд Уилсон — наёмник. Будучи побочным продуктом программы вооружённых сил под названием «Оружие X», Уилсон приобрёл невероятную силу, проворство и способность к исцелению. Но страшной ценой: его клеточная структура постоянно меняется, а здравомыслие сомнительно. Всё, чего хочет Уилсон, — держаться на плаву в социальной выгребной яме. Но течение в ней слишком быстрое."
Лучшее предложение,"триллер, драма, криминал",2012,Италия,8.058,"Вергилий Олдман — управляющий директор ведущего аукционного дома. Время от времени со своим партнёром Билли на глазах у всего мира он проворачивает хитроумные аферы, ловко манипулируя и вводя в заблуждение как продавцов, так и покупателей. В секретном зале своей виллы он собрал сотни бесценных картин из разных эпох.

Однажды таинственная женщина, скрывающая свою личность, просит его продать антиквариат её семьи. Среди многочисленных произведений искусства раз за разом Олдман обнаруживает частицы давно утерянного механизма. В своё время поговаривали, что для того, чтобы его оживить, создатели прибегали к помощи высших сил… Складывая, как пазл, найденные детали, вместе со своим гениальным другом Робертом они пытаются разгадать этот секрет. Но Олдман заинтересован не только предметами старины…"
Беляковы в отпуске,комедия,2024,Россия,7.345,"Обычная семья Беляковых из города Таганрога приезжает на отдых в Турцию и попадает в затруднительную ситуацию: по ошибке главы семейства Сергея Белякова номера отеля оказались оплаченными на следующий год, а денег на обратную дорогу нет.
Но беда не приходит одна. В отеле Беляковы встречают обеспеченную семью Дубравиных, которым они смертельно завидуют со школьных лет, и во всём пытаются с ними конкурировать. Беляковы не могут признаться в своём провале «заклятым друзьям» и идут ва-банк: начинают изображать из себя представителей элиты, закапываясь в своём вранье всё глубже. А разоблачение — всё ближе. Ведь Беляковы живут в отеле нелегально, ночуют, где придется. И по их следам уже идет главный менеджер отеля, непримиримый борец с русскими нарушителями по имени Али. В такой напряженной ситуации конфликты между Беляковыми неизбежно развиваются до критической точки. Но, возможно, это именно то приключение, которое Беляковым необходимо пережить, чтобы разрешить эти конфликты раз и навсегда."
Унесённые призраками,"аниме, мультфильм, фэнтези, приключения, семейный",2001,Япония,8.557,"Тихиро с мамой и папой переезжает в новый дом. Заблудившись по дороге, они оказываются в странном пустынном городе, где их ждет великолепный пир. Родители с жадностью набрасываются на еду и к ужасу девочки превращаются в свиней, став пленниками злой колдуньи Юбабы. Теперь, оказавшись одна среди волшебных существ и загадочных видений, Тихиро должна придумать, как избавить своих родителей от чар коварной старухи."
Трое из Простоквашино,"мультфильм, детский, короткометражка",1978,СССР,8.798,"Жил-был мальчик по прозвищу Дядя Федор. Он очень любил животных, но его родители и слышать ничего не хотели о том, чтобы в их квартире завелся кто-то хвостатый и лохматый. И пришлось Дяде Федору со своими новыми приятелями - котом Матроскиным и верным песиком Шариком - отправиться в деревню Простоквашино."
Железный человек,"фантастика, боевик, приключения",2008,"США, Канада",7.983,"Миллиардер-изобретатель Тони Старк попадает в плен к Афганским террористам, которые пытаются заставить его создать оружие массового поражения. В тайне от своих захватчиков Старк конструирует высокотехнологичную киберброню, которая помогает  ему сбежать. Однако по возвращении в США он узнаёт, что в совете директоров его фирмы плетётся заговор, чреватый страшными последствиями. Используя своё последнее изобретение, Старк пытается решить проблемы своей компании радикально..."
Бесславные ублюдки,"боевик, драма, комедия, военный",2009,"Германия, США",8.033,"Вторая мировая война. В оккупированной немцами Франции группа американских солдат-евреев наводит страх на нацистов, жестоко убивая и скальпируя солдат."
Ford против Ferrari,"биография, спорт, драма, боевик",2019,США,8.232,"В начале 1960-х Генри Форд II принимает решение улучшить имидж компании и сменить курс на производство более модных автомобилей. После неудавшейся попытки купить практически банкрота Ferrari американцы решают бросить вызов итальянским конкурентам на трассе и выиграть престижную гонку 24 часа Ле-Мана. Чтобы создать подходящую машину, компания нанимает автоконструктора Кэррола Шэлби, а тот отказывается работать без выдающегося, но, как считается, трудного в общении гонщика Кена Майлза. Вместе они принимаются за разработку впоследствии знаменитого спорткара Ford GT40."
Пираты Карибского моря: Сундук мертвеца,"фэнтези, боевик, приключения",2006,США,8.15,"Вновь оказавшись в ирреальном мире, лихой капитан Джек Воробей неожиданно узнает, что является должником легендарного капитана «Летучего Голландца» Дэйви Джонса. Джек должен в кратчайшие сроки решить эту проблему, иначе ему грозит вечное проклятие и рабское существование после смерти. Вдобавок ко всему, срывается свадьба Уилла Тернера и Элизабет Суонн, которые вынуждены составить Джеку компанию в его злоключениях…"
Гарри Поттер и Тайная комната,"фэнтези, приключения, семейный",2002,"Великобритания, США",8.152,"Гарри Поттер переходит на второй курс Школы чародейства и волшебства Хогвартс. Эльф Добби предупреждает Гарри об опасности, которая поджидает его там, и просит больше не возвращаться в школу.
Юный волшебник не следует совету эльфа и становится свидетелем таинственных событий, разворачивающихся в Хогвартсе. Вскоре Гарри и его друзья узнают о существовании Тайной Комнаты и сталкиваются с новыми приключениями, пытаясь победить темные силы."
Как приручить дракона,"мультфильм, фэнтези, приключения, семейный, комедия",2010,"США, Франция, Великобритания",8.242,"Подростку Иккингу не слишком близки традиции его героического племени, много лет ведущего войну с драконами. Парень неожиданно заводит дружбу с драконом Беззубиком, который поможет ему и другим викингам увидеть мир с совершенно другой стороны."
Назад в будущее,"фантастика, комедия, приключения",1985,США,8.648,"Подросток Марти с помощью машины времени, сооружённой его другом-профессором доком Брауном, попадает из 80-х в далекие 50-е. Там он встречается со своими будущими родителями, ещё подростками, и другом-профессором, совсем молодым."
Гравити Фолз,"мультфильм, комедия, детектив, приключения, семейный, фантастика",2012,"США, Корея Южная",8.98,"Приключения двойняшек Диппера и Мэйбл, которые проводят летние каникулы у двоюродного дедушки в городке под названием Гравити Фолз."
Шерлок,"детектив, триллер, драма, криминал",2010,"Великобритания, США",8.851,"События разворачиваются в наши дни. Он прошел Афганистан, остался инвалидом. По возвращении в родные края встречается с загадочным, но своеобразным гениальным человеком. Тот в поиске соседа по квартире. Лондон, 2010 год. Происходят необъяснимые убийства. Скотланд-Ярд без понятия, за что хвататься. Существует лишь один человек, который в силах разрешить проблемы и найти ответы на сложные вопросы."
Конёк-Горбунок,"фэнтези, комедия, приключения, семейный",2021,Россия,7.34,"Иван — не царевич, не богатырь, не красавец, а старшие братья и вовсе его дураком считают. Но всё меняется, когда у Ивана появляется друг и верный помощник — Конёк-Горбунок. Пусть он ростом невелик, зато умный и смелый. С таким другом никакой враг не страшен. Ну, почти никакой. С таким помощником и ничего невозможного нет. Ну, почти, нет. Ивану с Коньком предстоит проверить свою дружбу на прочность, столкнуться с коварным противником, преодолеть невероятные испытания и встретить такую любовь, ради которой стоит рискнуть всем. Ну, почти всем."
Смешарики,"мультфильм, детский, комедия, семейный",2003,Россия,7.809,"Истории о дружбе и приключениях круглых героев. Весёлые и музыкальные, неожиданные и мечтательные, домашние и авантюрные. Целый мир в одной уютной ромашковой долине."
Медиатор,"драма, триллер",2021,Россия,8.065,"Андрей Павлов — профессиональный переговорщик, прошедший подготовку в Академии Управления МВД России. Он тот человек, который без оружия приходит к террористам и в считанные секунды устанавливает с ними контакт. Но основной его доход идет не от удачного освобождения заложников, а от крупного бизнеса. Везде, где люди не могут договориться, он помогает — за очень большие деньги. Для каждого случая он меняется до неузнаваемости. Удивительную способность к перевоплощению Павлов развил в детстве — это помогало ему выстраивать непростые отношения с матерью. А еще он настолько хорошо чувствует людей, что давно не верит никому. Даже себе."
Шерлок Холмс,"боевик, приключения, триллер, драма, комедия, криминал, детектив",2009,"США, Германия",8.061,"Величайший в истории сыщик Шерлок Холмс вместе со своим верным соратником Ватсоном вступают в схватку, требующую нешуточной физической и умственной подготовки, ведь их враг представляет угрозу для всего Лондона."
Счастливое число Слевина,"триллер, драма, криминал",2005,"США, Канада, Великобритания, Германия",8.155,"Слевину не везет — дом опечатан, девушка ушла к другому. Его друг Ник уезжает из Нью-Йорка и предлагает Слевину пожить в пустой квартире. Тем временем, крупный криминальный авторитет по прозвищу Босс хочет рассчитаться со своим бывшим партнером за убийство сына и в отместку заказать его наследника."
Три богатыря и Пуп Земли,"мультфильм, приключения, семейный",2023,Россия,6.985,"По сказкам мы знаем, что было давным-давно, но что было еще давным-давнее? Трем богатырям предстоит узнать ответ на этот вопрос, хоть они его и не задавали. Тут такое началось, что игогошеньки! Горыныч вдруг находит динозаврика, а Алеша Попович с Князем и конем Юлием буквально проваливаются сквозь землю. Теперь надо срочно понять, как вернуть их назад в будущее. А главное, узнать, кто или что такое загадочный Пуп Земли."
Головоломка,"мультфильм, семейный, комедия, фэнтези",2015,США,8.079,"В голове у обычной 11-летней школьницы Райли живут пять базовых эмоций: Радость, Грусть, Страх, Гнев и Отвращение. Каждый день они помогают девочке справляться с проблемами, руководя всеми её поступками. Вдруг выясняется, что Райли с родителями предстоит переезд из небольшого уютного городка в шумный и людный мегаполис. Каждая из эмоций считает, что именно она лучше прочих знает, что нужно делать в этой непростой ситуации, и в голове у девочки наступает полный хаос."
Триггер. Фильм,драма,2023,Россия,6.354,"После драматичных событий — бывшая жена осуждена за убийство, отец неизлечимо болен, возлюбленная ушла — Артём Стрелецкий решает начать всё заново: переезжает к морю, туда, где сам был счастлив в детстве, устраивается работать барменом и знакомится с Майей, которая тоже психолог. Она и поможет Стрелецкому посмотреть на себя с другого ракурса и проработать собственные триггеры."
Марсианин,"фантастика, приключения, драма, комедия, триллер",2015,"США, Великобритания, Венгрия, Иордания",7.77,"Марсианская миссия «Арес-3» в процессе работы вынуждена экстренно покинуть планету из-за быстро надвигающейся песчаной бури. В попытке добраться до корабля во время бури инженер и биолог Марк Уотни получает повреждение скафандра обломками антенны и команда теряет его из виду. Посчитав его погибшим, экипаж улетает с Марса. Очнувшись, Уотни обнаруживает, что связь с Землёй отсутствует, но при этом полностью функционирует жилой модуль. Он начинает искать способы продержаться на имеющихся запасах еды, витаминов, воды и воздуха ещё 4 года до прилёта следующей миссии «Арес-4»."
Дьявол носит Prada,"драма, комедия",2006,"США, Франция",7.72,"Мечтающая стать журналисткой провинциальная девушка Энди по окончании университета получает должность помощницы всесильной Миранды Пристли, деспотичного редактора одного из крупнейших нью-йоркских журналов мод. Энди всегда мечтала о такой работе, не зная, с каким нервным напряжением это будет связано…"
Беспринципные в Питере,"комедия, мелодрама",2025,Россия,7.715,"Валя и Хадяков поссорились: генерал крупно накосячил. И Валентина собрала вещи и уехала из Патриков в Питер. Она решила поселиться в культурной столице, потому что душа её просит высоких чувств и искусства, а Хадякову Валентина велит не приближаться на пушечный выстрел. Генерал топит горе в работе, теперь он вечно в командировках: то на заводе, то в частном джете, то в гостинице, то в московском офисе. В разъездах по стране его постоянно пытаются напоить и соблазнить, однако он дал себе зарок не вступать в отношения. Тем временем Валентина продолжает заниматься музыкой и завоёвывать Петербург."
Джокер,"драма, криминал, триллер",2019,"США, Канада, Австралия",7.996,"Готэм, начало 1980-х годов. Комик Артур Флек живет с больной матерью, которая с детства учит его «ходить с улыбкой». Пытаясь нести в мир хорошее и дарить людям радость, Артур сталкивается с человеческой жестокостью и постепенно приходит к выводу, что этот мир получит от него не добрую улыбку, а ухмылку злодея Джокера."
Однажды в… Голливуде,"драма, комедия",2019,"США, Великобритания, Китай",7.694,"1969 год, золотой век Голливуда уже закончился. Известный актёр Рик Далтон и его дублер Клифф Бут пытаются найти свое место в стремительно меняющемся мире киноиндустрии."
Баба Яга спасает мир,"фэнтези, комедия, семейный, приключения",2023,Россия,7.298,"Любопытный школьник Сенька каким-то чудом попадает в сказочный древний лес. Он скрыт от людских глаз мощным заклятием Бабы Яги, призванным защитить людей и весь мир от дремлющих там темных сил. В лесу явно творится что-то неладное. Тревожные сигналы возвещают, что заклятие больше не действует, и пробуждение зловещего волшебства и давно поверженных врагов — лишь вопрос времени. Чтобы наложить заклятие снова, Яга вынуждена отправиться в современный город на поиск мощнейшего оружия волшебников, дивноцвета. Там ее ожидает встреча с множеством причуд современного мира, а в темном подземелье уже тысячу лет прячется жаждущий мести Кощей Бессмертный, ведь именно Яга помогла одолеть его много веков назад."
Престиж,"триллер, фантастика, драма, детектив",2006,"Великобритания, США",8.515,"Роберт и Альфред - фокусники-иллюзионисты, которые на рубеже XIX и XX веков соперничали друг с другом в Лондоне. С годами их дружеская конкуренция на профессиональной почве перерастает в настоящую войну.

Они готовы на все, чтобы выведать друг у друга секреты фантастических трюков и сорвать их исполнение. Непримиримая вражда, вспыхнувшая между ними, начинает угрожать жизни окружающих их людей…"
Леди Баг и Супер-Кот,"мультфильм, фэнтези, детский, боевик, мелодрама, приключения, семейный",2015,"Франция, Корея Южная, Япония, США, Бразилия, Канада, Италия",8.277,"С виду обычные старшеклассники Эдриан и Маринетт при малейшей угрозе Парижу становятся Леди Баг и Супер-котом. Их миссия — захватить акум (тёмных бабочек), которые превращают людей в суперзлодеев. Когда супергерои объединяются, оба не знают истинной личности другого. Маринетт не знает, что Супер-кот на самом деле Эдриан — парень, в которого она тайно влюблена, а Эдриан, чьё сердце бьётся ради Леди Баг, не знает, что под маской супергероини скрывается милая и ветреная одноклассница."
Внутри убийцы,"детектив, триллер",2024,Россия,7.399,"Профайлер Зоя Волгина — лучшая в своем деле: сцены преступлений буквально оживают у нее перед глазами. Именно Зою и специального сотрудника Следственного комитета Тимофея Волоха привлекают к новому расследованию: в Петербурге неизвестный душитель бальзамирует тела своих жертв, превращая их в статуи. Его «почерк» Зое знаком — много лет назад она уже сталкивалась с очень похожим человеком."
Бесстыжие,"драма, комедия",2011,США,8.616,"О взбалмошной многодетной семье Галлагеров и их соседях, которые веселятся, попадают в самые невероятные ситуации и пытаются выжить в этом мире всеми возможными средствами, но при этом как можно меньше работая."
Один дома 2: Затерянный в Нью-Йорке,"комедия, семейный, приключения",1992,США,8.037,"Самый маленький герой Америки устраивает большой переполох в Нью-Йорке! Кевин МакКалистер вернулся! Но теперь он один не дома, а в Нью-Йорке и у него достаточно денег и кредитных карточек, чтобы превратить Большое Яблоко в собственную площадку для игр.

Но, как всегда, Кевину не суждено быть долго одному: его старые приятели ― жулики Гарри и Марв ― сбежали из тюрьмы, куда они попали стараниями Кевина. И надо же им было попасть именно в тот город, где Кевин планировал поразвлечься! Новые западни и ловушки уже ждут горе-бандитов."
Молодёжка. Новая смена,"драма, комедия, спорт",2024,Россия,8.888,"Команда Студенческой хоккейной лиги «Акулы Политеха» на грани расформирования. Но в вуз приходит Казанцев, который решает превратить «Акул» в лучшую команду лиги и тем самым повысить рейтинг института. Тренером клуба он видит в первую очередь бывшего игрока «Медведей» — Андрея Кисляка. Чтобы вывести «Акул» на следующий уровень, Кисляку придётся не только найти общий язык с новым поколением спортсменов, но и измениться самому."
Сто лет тому вперёд,"фантастика, приключения, семейный",2024,Россия,7.635,"Они живут в разных мирах. Коля Герасимов — в Москве 2024 года, Алиса Селезнёва — на сто лет позже. Коля — обычный старшеклассник, ему нет дела до будущего. Алису не отпускает прошлое: она пытается найти маму, которая пропала, сражаясь с космическими пиратами. Встреча Алисы и Коли станет началом невероятных приключений."
Круэлла,"комедия, криминал, драма",2021,"США, Великобритания, Канада, Ирландия",7.588,"Великобритания, 1960-е годы. Эстелла была необычным ребёнком, и особенно трудно ей было мириться со всякого рода несправедливостью. Вылетев из очередной школы, она с мамой отправляется в Лондон. По дороге они заезжают в особняк известной модельерши по имени Баронесса, где в результате ужасного несчастного случая мама погибает. Добравшись до Лондона, Эстелла знакомится с двумя мальчишками — уличными мошенниками Джаспером и Хорасом.

10 лет спустя та же компания промышляет на улицах британской столицы мелким воровством, но Эстелла никак не может оставить мечту сделать карьеру в мире моды. Хитростью устроившись в фешенебельный универмаг, девушка привлекает внимание Баронессы, и та берёт её к себе в штат дизайнеров."
Душа,"мультфильм, фэнтези, комедия, приключения, семейный, музыка",2020,США,8.358,"Уже немолодой школьный учитель музыки Джо Гарднер всю жизнь мечтал выступать на сцене в составе джазового ансамбля. Однажды он успешно проходит прослушивание у легендарной саксофонистки и, возвращаясь домой вне себя от счастья, падает в люк и умирает. Теперь у Джо одна дорога — в Великое После, но он сбегает с идущего в вечность эскалатора и случайно попадает в Великое До. Тут новенькие души обретают себя, и у будущих людей зарождаются увлечения, мечты и интересы. Джо становится наставником упрямой души 22, которая уже много веков не может найти свою искру и отправиться на Землю."
Большой куш,"криминал, комедия, боевик",2000,"Великобритания, США",8.555,"Фрэнки Четыре Пальца должен был переправить краденый алмаз из Англии в США своему боссу Эви, но, сделав ставку на подпольный боксерский поединок, он попал в круговорот весьма нежелательных событий. Вокруг него и его груза разворачивается сложная интрига с участием множества колоритных персонажей лондонского дна — русского гангстера, троих незадачливых грабителей, хитрого боксера и угрюмого громилы грозного мафиози. Каждый норовит в одиночку сорвать большой куш."
Гарри Поттер и Дары Смерти: Часть II,"фэнтези, детектив, приключения, семейный",2011,"Великобритания, США",8.172,"Битва между добрыми и злыми силами мира волшебников перерастает во всеобщую войну. Ставки ещё никогда не были так высоки, а поиск убежища — столь сложен. И, быть может, именно Гарри Поттеру придется пожертвовать всем в финальном сражении с Волан-де-Мортом."
Такси,"боевик, комедия, криминал",1998,Франция,8.028,"Таксист Даниэль помешан на быстрой езде. Как ураган проносится он по извилистым улицам Марселя на мощном ревущем «Пежо», пугая прохожих и приводя в ужас пассажиров. Начинающий следователь Эмильен вынуждает его помогать в поимке банды грабителей банков, каждый раз ускользающих от полиции на неуловимых «Мерседесах»."
Властелин колец: Возвращение короля,"фэнтези, приключения, драма, боевик",2003,"Новая Зеландия, США",8.685,"Повелитель сил тьмы Саурон направляет свою бесчисленную армию под стены Минас-Тирита, крепости Последней Надежды. Он предвкушает близкую победу, но именно это мешает ему заметить две крохотные фигурки — хоббитов, приближающихся к Роковой Горе, где им предстоит уничтожить Кольцо Всевластья."
Иван Васильевич меняет всё,"комедия, фантастика, приключения",2023,Россия,6.574,"Шурик пытается с помощью машины времени вернуть домой царя Ивана Грозного. Но VPN, на котором работает чудо-машина, постоянно ломается и перемещает горе-изобретателя и царя в разные страны и времена."
Нулевой пациент,"драма, детектив",2022,Россия,8.376,"1988 год, Калмыцкая АССР. Молодой врач детской больницы Кирсан Аюшев подозревает, что у нескольких его пациентов ВИЧ. Старшие коллеги не верят, что такое возможно, поэтому Кирсан тайком отправляет пробы в Москву. Когда анализы подтверждают его правоту, к делу подключается ученый Дмитрий Гончаров — специалист по малоизвестной в СССР «экзотической» болезни. Теперь судьба десятков детей и нескольких взрослых — а, возможно, и всей страны — зависит от действий столичного эпидемиолога и провинциального педиатра."
Закрыть гештальт,"комедия, фэнтези",2022,Россия,7.569,"Чудом уцелев после падения с 20-го этажа, менеджер автосалона Фёдор Ярцев обретает необычный дар: теперь он видит призраков. Злопамятная теща и школьный физрук, бандит из девяностых и пожилая интеллигентка — кто только не будет донимать Федора своими незаконченными делами. Даже его собственный юный отец, пропавший в 20 лет. Фёдор станет невольным посредником между мирами и поможет заблудшим душам отправиться куда следует. А заодно наладит отношения с папой, которого прежде не знал, и закроет гештальты, о существовании которых даже не подозревал.

"
Пираты Карибского моря: На краю света,"приключения, боевик, фэнтези",2007,США,8.071,"Новые приключения Джека Воробья и его друзей Уилла Тернера и Элизабет Суонн. На этот раз Уиллу и Элизабет придется объединиться с самим Капитаном Барбоссой для того, чтобы отправиться на край света и спасти своего друга — Джека. Ситуация осложняется тем, что Элизабет попадает к сингапурским пиратам…"
Шоу Трумана,"драма, комедия",1998,США,8.283,"Представьте себе, что вы вдруг начинаете понимать, что все вокруг вас — декорации, а люди — актеры, притворяющиеся теми, кем они вам кажутся. Весь ваш мир оказывается большим телесериалом, где вы исполняете главную роль, даже не подозревая об этом. Вся ваша жизнь — результат работы автора телешоу, которое вот уже тридцать лет смотрит вся планета, начиная с момента вашего рождения.
 В такой ситуации оказался Труман, главный герой картины. Будет ли он продолжать жить в безопасном мире, где, как он теперь знает, у него практически нет свободы выбора, или все-таки выйдет из «игры» и станет сам хозяином своей судьбы, в которой его ждет не запланированная сценарием девушка?"
Во всё тяжкое,"драма, комедия",2018,США,7.326,"Ричард — профессор колледжа в Новой Англии, брак которого переживает не лучшие времена. Однажды он узнаёт, что смертельно болен, и без соответствующей медицинской поддержки жить ему осталось максимум полгода. Отказавшись от лечения и решив не сообщать о болезни никому, кроме близкого друга, Ричард кардинально меняет свой образ жизни."
Главный герой,"фантастика, боевик, комедия, мелодрама",2021,"США, Канада",7.366,"Парень по имени Парень счастлив. Он живет в лучшем в мире городе Городе, работает на лучшей в мире работе в Банке и дружит с охранником по имени Приятель. И его совершенно не волнует, что Банк грабят по нескольку раз на дню, а улицы Города напоминают зону военных действий. Единственное, чего Парню не хватает для полного счастья — идеальной девушки, к которой у него имеется точный список требований. И вот однажды он видит на улице красотку, точь-в-точь как в его мечтах. Эта встреча изменит не только нашего главного героя, но и перевернёт весь известный ему мир."
Первому игроку приготовиться,"фантастика, боевик, приключения",2018,"США, Индия, Сингапур, Канада, Великобритания, Япония, Австралия",7.442,"2045 год. Мир погружается в хаос, и люди ищут спасения в виртуальной вселенной игры OASIS. Её создатель, гениальный и эксцентричный Джеймс Холлидей, оставляет завещание: его колоссальное состояние получит игрок, первым обнаруживший в игре цифровое «пасхальное яйцо». На поиски бросается весь мир. Обычный парень Уэйд Уоттс решает принять участие в состязании и бросается в головокружительную погоню за сокровищами по фантастическому миру, полному загадок, опасностей и невероятных открытий."
Алеша Попович и Тугарин Змей,"мультфильм, комедия, приключения, мюзикл, фэнтези, мелодрама, семейный",2004,Россия,7.996,"Когда подступила к Ростову вражеская орда во главе с Тугариным Змеем, Алеша Попович не сумел уберечь жителей от выплаты дани. Теперь богатырь должен восстановить доброе имя, вернуть золото и прогнать неприятеля с земли русской. Он отправляется в путешествие, а помогут ему в этом дядька Тихон, девушка Любава, ее бабушка и говорящий конь Юлий."
Властелин колец: Две крепости,"фэнтези, приключения, драма, боевик",2002,"Новая Зеландия, США",8.625,"Братство распалось, но Кольцо Всевластья должно быть уничтожено. Фродо и Сэм вынуждены довериться Голлуму, который взялся провести их к вратам Мордора. Громадная армия Сарумана приближается: члены братства и их союзники готовы принять бой. Битва за Средиземье продолжается."
Домовенок Кузя,"комедия, семейный, фэнтези",2024,Россия,7.709,"Домовёнок Кузя сбегает из плена Бабы-яги и оказывается в квартире девочки Наташи и ее родителей. Кузе нужно найти свой волшебный сундучок, исполняющий желания. Казалось бы, цель уже близка, но на поиски Кузи и сундучка в наш мир проникает Баба-яга, и у нее есть свои коварные планы."
Всё везде и сразу,"фантастика, комедия, боевик, приключения, драма",2021,США,7.19,"В жизни Эвелин царит бардак. Она никак не может составить налоговый отчёт, пожилой отец постоянно требует внимания, муж витает в облаках, а ещё и дочка добавляет проблем своей личной жизнью. Во время визита в налоговую всё запутывается ещё сильнее — оказывается, Эвелин может скакать по параллельным вселенным и получать доступ к воспоминаниям и навыкам других версий самой себя. И теперь, в полнейшем хаосе, женщине придётся противостоять загадочной злой сущности, которая решила разрушить не только этот мир, но и всю мультивселенную."
Сверхъестественное,"фэнтези, ужасы, триллер, драма, детектив",2005,США,8.244,"Сериал рассказывает о приключениях братьев Сэма и Дина Винчестеров, которые путешествуют по Соединённым Штатам на чёрном автомобиле Chevrolet Impala 1967 года, расследуют паранормальные явления, многие из которых основаны на американских городских легендах и фольклоре, и сражаются с порождениями зла, такими как демоны и призраки."
Догмен,"драма, боевик",2023,"Франция, США",7.751,"Попавшегося полиции странного мужчину в инвалидной коляске, у которого в фургоне обнаружили стаю разнопородных собак, а в месте его проживания — несколько трупов, допрашивает психиатр-криминалист. Тот охотно рассказывает о своём трудном детстве: как жестокий отец посадил его в клетку к псам, из-за чего у мальчика развилась с животными невероятная эмоциональная связь — теперь собаки в точности выполняют все его приказы."
Хоббит: Нежданное путешествие,"фэнтези, приключения, боевик",2012,"Новая Зеландия, США",8.117,"Хоббит Бильбо Бэггинс пускается в грандиозный поход, целью которого является отвоевание утраченного королевства гномов Эребор у дракона Смауга. Совершенно неожиданно с хоббитом налаживает контакт волшебник Гэндальф Серый. Так Бильбо находит себя и присоединяется к компании тринадцати гномов, возглавляемых легендарным воином Торином Дубощитом. Их путешествие пройдёт через Дикий Край, предательские земли, населенные гоблинами и орками, смертоносными варгами, гигантскими пауками, меняющим шкуры народом и волшебниками.

И хотя их цель находится на Востоке, среди пустошей Одинокой Горы, сначала им придется выбраться из туннелей гоблинов, где Бильбо встретит существо, которое изменит его жизнь навсегда - Голлума."
Валериан и город тысячи планет,"фантастика, фэнтези, боевик, приключения",2017,"Франция, Китай, Бельгия, Германия, ОАЭ, США, Канада, Катар",7.006,"2700 год. Валериан и Лорелин - космические спецагенты, которые по долгу службы впутались в подозрительное дело и стали невольными участниками то ли межгалактического заговора, то ли аферы причудливых поселенцев планеты Альфа, прибывших туда из различных миров со всех уголков галактик."
Алита: Боевой ангел,"фантастика, боевик, приключения",2019,"США, Япония",7.232,"300 лет после Великой войны, XXVI век. Доктор Идо находит останки женщины-киборга. После починки киборг ничего не помнит, но обнаруживает, что в состоянии пользоваться боевыми приемами. Начинаются поиски утерянных воспоминаний."
"Ирония судьбы, или С легким паром!","мелодрама, комедия",1975,СССР,8.203,"31 декабря пошли друзья в баню попариться, по традиции смыть с себя все плохое, чтобы встретить Новый год чистыми, а «напарились» до такой степени (пивом и водкой), что отправили в Ленинград не того."
Ходячие мертвецы,"ужасы, триллер, драма",2010,США,8.026,"Зомби-эпидемия захлестнула планету. Шериф Рик Граймс путешествует с семьей и небольшой группой выживших в поисках безопасного места. Но постоянный страх смерти каждый день приносит тяжелые потери, заставляя товарищей по несчастью чувствовать глубины человеческой жестокости. Рик пытается спасти близких и понимает, что всепоглощающий страх людей может быть опаснее ходячих мертвецов."
Бригада,"драма, криминал, боевик",2002,Россия,8.292,"Это история четырех друзей детства, обычных московских парней, Саши Белого, Космоса, Пчелы и Фила, выросших в одном дворе. Друзья решили немного подзаработать, но незапланированное убийство вмиг перемешало все задуманное, поставив на кон их жизни.

Ставка слишком высока, но отступать некуда. Теперь парни прокладывают себе дорогу в криминальном мире и волею судеб превращаются в одну из самых сплоченных и влиятельных группировок…"
Бременские музыканты,"приключения, семейный, фэнтези, комедия",2023,Россия,7.327,"Трубадур и его друзья-самозванцы — Пес, Кошка, Осел и самовлюбленный Петух — объединились, чтобы совершить подвиг. Прежде всего они должны рассмешить дочь Короля, но встреча с Принцессой грозит опасным приключением. Против Трубадура и его друзей — коварные враги, интриги и ловушки, но за любовь надо сражаться. А тут еще Принцесса сбежала из дворца. В одном клубке — преступные схемы Разбойников, интриги Сыщика, капризы и тайны королевской семейки, но веселые музыканты с неутомимым Трубадуром заставят всех плясать под свою дудку."
Люди в чёрном,"фантастика, боевик, комедия, приключения",1997,США,8.045,"Они - самый большой секрет Земли. Они работают на неофициальное правительственное агентство, регулирующее деятельность инопланетян на Земле.
Они - это лучшая, последняя и единственная линия защиты Земли от отбросов вселенной. Их работа секретна, их оружие совершенно, им нет равных, они не оставляют следов. Они - это Люди в черном."
Время,"фантастика, мелодрама, боевик",2011,США,7.291,"Недалёкое будущее. Человечество перестало стареть после 25 лет, а время стало единственной валютой. Теперь богачи могут жить вечно, а простые люди, чтобы не умереть, вынуждены каждый день бороться за существование, продлевая жизненный цикл. Рабочий из гетто Уилл Салас привык считать каждую секунду. Однажды он спасает от банды грабителей времени богатого Генри Хэмилтона и получает от него 116 лет жизни. Но вскоре щедрый подарок оборачивается ловушкой: Генри добровольно уходит из жизни, а стражи времени начинают преследовать Уилла, считая его убийцей."
Далласский клуб покупателей,"драма, биография",2013,США,7.95,"Реальная история Рона Вудруфа, техасского электрика, у которого в 1985 году обнаружили СПИД. Врачи отвели ему всего 30 дней, но он не пожелал смириться со смертным приговором и сумел продлить свою жизнь, принимая нетрадиционные лекарства, а затем наладил подпольный бизнес по продаже их другим больным."
Гарри Поттер и Кубок огня,"фэнтези, приключения, семейный",2005,"Великобритания, США",7.982,"Гарри Поттер, Рон и Гермиона возвращаются на четвёртый курс школы чародейства и волшебства Хогвартс. При таинственных обстоятельствах Гарри был отобран в число участников опасного соревнования — Турнира Трёх Волшебников, однако проблема в том, что все его соперники — намного старше и сильнее.
К тому же, знаки указывают на возвращение Лорда Волдеморта. Вскоре Гарри предстоит побороться не только за победу в соревновании, но и за свою жизнь."
Движение вверх,"спорт, драма",2017,Россия,7.588,"Есть победы, которые меняют ход истории. Победы духа, победы страны, победы всего мира. Таким триумфом стали легендарные «три секунды» - выигрыш сборной СССР по баскетболу на роковой мюнхенской Олимпиаде 1972 г. Впервые за 36 лет была повержена «непобедимая» команда США. Никто даже помыслить не мог о том, что это возможно – обыграть великолепных непогрешимых американцев на Олимпийских играх! Никто, кроме советских баскетболистов (русских и грузин, украинцев и казахов, белорусов и литовцев).

Когда проигрыш означал поражение страны, когда нужно было выходить и бороться в раскаленной обстановке из-за произошедшего теракта, великий тренер сборной СССР был готов на все, лишь бы помочь своим подопечным разбить американский миф о непотопляемой команде мечты. Ведь он знал, что создал самую сильную сборную на планете, и в начале заставил поверить в это своих игроков, а затем весь мир."
Огниво,"фэнтези, приключения, семейный",2024,Россия,7.651,"В сказочном царстве солдат по дороге домой случайно находит волшебное огниво и освобождает запертую в нем маленькую девочку Дашу, которую похитил и заколдовал злой Лиходей. Чтобы развеять его чары, солдату придется отправиться в опасное путешествие."
Лулу и Бриггс,"комедия, драма, приключения",2021,США,7.438,"Профессиональный военный Джексон Бриггс всеми силами пытается вернуться в строй, но из-за травмы головы получает постоянные отказы. Когда умирает один из его сослуживцев, Бриггсу дают задание: с военной базы в штате Вашингтон доставить на похороны в аризонский Ногалес боевую подругу почившего — нервную бельгийскую овчарку Лулу с целым спектром посттравматических расстройств. Поскольку собака боится летать, сделать это придётся на машине по Тихоокеанскому побережью, и эта поездка будет не самым простым заданием Бриггса."
Барбоскины,"мультфильм, детский",2011,Россия,6.938,"Мама, папа и… пятеро щенят. У Барбоскиных все, как у людей. Папа свободное время проводит за компьютером, дочери увлекаются модой и слушают Жанну Киску, а сыновья играют в футбол и мечтают о Нобелевской премии."
Холодное сердце,"мультфильм, мюзикл, фэнтези, комедия, мелодрама, приключения, семейный",2013,США,7.869,"Когда сбывается древнее предсказание, и королевство погружается в объятия вечной зимы, трое бесстрашных героев — принцесса Анна, отважный Кристофф и его верный олень Свен — отправляются в горы, чтобы найти сестру Анны Эльзу, которая может снять со страны ледяное заклятие."
Дурак,драма,2014,Россия,8.111,"Жизни 800 человек общежития висят буквально на волоске из-за безразличия местных властей. В любую секунду здание может рухнуть. И кто бы мог подумать, что судьбы людей окажутся в руках простого сантехника. Но удастся ли ему что-то изменить и предотвратить катастрофу?"
Укрощение строптивого,"мелодрама, комедия",1980,Италия,8.416,Категорически не приемлющий женского общества грубоватый фермер вполне счастлив и доволен своей холостяцкой жизнью. Но неожиданно появившаяся в его жизни женщина пытается изменить его взгляды на жизнь и очаровать его.
Константин: Повелитель тьмы,"фэнтези, ужасы, боевик, детектив",2005,"США, Германия",7.878,"Джону Константину удалось не только побывать в аду, но и вернуться обратно. Родившись с неугодным самому себе талантом — способностью распознавать помесь ангелов и демонов, которые бродят по земле в облике людей, — Константин под давлением обстоятельств пытается совершить самоубийство, лишь бы избавиться от мучительных видений. Но неудачно. Воскрешенный против собственной воли он снова оказывается в мире живых. Теперь, отмеченный печатью суицида и получивший временное право на жизнь, он патрулирует границу, разделяющую рай и ад, тщетно надеясь на обретение спасения путем сражения с земными ставленниками зла."
Лига справедливости Зака Снайдера,"фантастика, боевик, фэнтези",2021,США,7.805,"Вдохновившись самопожертвованием Супермена, Брюс Уэйн вновь обретает веру в человечество. Он заручается поддержкой новой союзницы Дианы Принс, чтобы сразиться с ещё более могущественным противником. Бэтмен и Чудо-женщина набирают команду сверхлюдей для борьбы с пробудившейся угрозой."
Вторая жизнь Уве,"драма, мелодрама, комедия",2015,"Швеция, Дания, Норвегия",8.279,"Уве - пожилой въедливый ворчун, достающий соседей вечными придирками. Он впадает в ярость при виде брошенного не туда мусора или неправильно припаркованной машины. И кроет на чем свет стоит легкомысленную семейку новосёлов, в которой папаша и гвоздя вбить не способен. Зато Уве умеет всё. В доме и в гараже у него всегда идеальный порядок. Как и в мыслях. Вот только жизнь давно перестала иметь для него смысл."
Иллюзия обмана 2,"боевик, триллер, комедия, криминал, детектив, приключения",2016,"США, Франция",6.881,"«Четыре всадника», команда лучших иллюзионистов мира, возвращается в дело спустя год после побега от ФБР. Им предстоит спасти свою репутацию и вывести на чистую воду жестокого руководителя технологической корпорации."
Фиксики,"мультфильм, детский",2010,Россия,7.544,"«А кто такие фиксики — большой-большой секрет!» — так поётся в песенке про фиксиков. До недавнего времени люди почти ничего не знали об этих маленьких человечках, которые живут внутри машин и приборов. Фиксики ухаживают за техникой изнутри, чистят её, смазывают, устраняют мелкие поломки. Они — умелые и добросовестные мастера. Фиксики привыкли скрываться от людей, но есть они повсюду: в компьютерах, холодильниках, телевизорах... Каждый помнит о случаях, когда неработающий прибор начинал вдруг работать, если по нему слегка стукнуть. Всё просто: внутри проснулся фиксик и всё наладил. А теперь об этих таинственных трудолюбивых человечках можно посмотреть мультфильмы и познакомиться с ними поближе..."
Омерзительная восьмерка,"вестерн, криминал, триллер, драма, детектив",2015,США,8.011,"США после Гражданской войны. Легендарный охотник за головами Джон Рут по кличке Вешатель конвоирует заключенную. По пути к ним прибиваются еще несколько путешественников. Снежная буря вынуждает компанию искать укрытие в лавке на отшибе, где уже расположилось весьма пёстрое общество: генерал конфедератов, мексиканец, ковбой… И один из них — не тот, за кого себя выдает."
Чарли и шоколадная фабрика,"мюзикл, фэнтези, комедия, приключения, семейный",2005,США,7.649,"Какие чудеса ждут вас на фабрике Вилли Вонки? Только представьте: травяные луга из сладкого мятного сахара в Шоколадной Комнате ... Можно проплыть по Шоколадной реке на розовой сахарной лодке ... Или поставить эксперименты в Комнате изобретений с леденцами, которые никогда не тают ... Понаблюдать за дрессированными белками в Ореховой Комнате или отправиться в стеклянном лифте в Телевизионную Комнату. Вы найдете слишком много смешного, чуть таинственного и настолько захватывающего в этом путешествии, что оно станет настолько же приятным и сладким для вас, как восхитительная сладкая палочка с розовой сливочной помадкой от Вилли Вонки."
Живая сталь,"фантастика, боевик, семейный",2011,"США, Индия",7.674,"События фильма происходят в будущем, где бокс запрещен за негуманностью и заменен боями 2000-фунтовых роботов, управляемых людьми. Бывший боксер, а теперь промоутер, переметнувшийся в Робобокс, решает, что наконец нашел своего чемпиона, когда ему попадается выбракованный, но очень способный робот. Одновременно на жизненном пути героя возникает 11-летний парень, оказывающийся его сыном. И по мере того, как машина пробивает свой путь к вершине, обретшие друг друга отец и сын учатся дружить."
Уэнздей,"фэнтези, комедия, криминал, детектив",2022,США,7.92,"Уэнздей, дочь Гомеса и Мортиши Аддамс, учится в академии Nevermore. Ей предстоит освоить экстрасенсорные способности, чтобы остановить местного серийного убийцу и раскрыть тайну родителей."
Человек-паук,"фантастика, боевик, приключения",2002,США,7.773,"Питер Паркер – обыкновенный школьник. Однажды он отправился с классом на экскурсию, где его кусает странный паук-мутант. Через время парень почувствовал в себе нечеловеческую силу и ловкость в движении, а главное – умение лазать по стенам и метать стальную паутину. Свои способности он направляет на защиту слабых. Так Питер становится настоящим супергероем по имени Человек-паук, который помогает людям и борется с преступностью. Но там, где есть супергерой, рано или поздно всегда объявляется и суперзлодей..."
Семь,"триллер, детектив, криминал, драма",1995,США,8.302,"Детектив Уильям Сомерсет — ветеран уголовного розыска, мечтающий уйти на пенсию и уехать подальше от города и его грешных обитателей. За семь дней до пенсии на Сомерсета сваливаются две неприятности: молодой напарник Миллс и особо изощренное убийство. Острый ум опытного следователя сразу определяет, что за этим преступлением, скорее всего, последуют другие."
Человек-паук: Через вселенные,"мультфильм, фантастика, фэнтези, боевик, комедия, приключения, семейный",2018,"Канада, США",8.178,"Мы всё знаем о Питере Паркере. Он спас город, влюбился, а потом спасал город снова и снова… Но все это – в нашем измерении. А что если в результате работы гигантского коллайдера откроется окно из одного измерения в другое? Найдется ли в нем свой Человек-паук? И как он будет выглядеть? Приготовьтесь к тому, что в разных вселенных могут быть разные Люди-пауки и однажды им придется собраться вместе для борьбы с почти непобедимым врагом."
Игра в имитацию,"биография, военный, драма, история",2014,США,7.804,Английский математик и логик Алан Тьюринг пытается взломать код немецкой шифровальной машины Enigma во время Второй мировой войны.
Конец света,"комедия, фэнтези",2022,Россия,7.338,"В районе Чертаново, известном периодическими вторжениями и притяжениями, внезапно объявляется сам Князь Тьмы. У него грандиозные планы, но для их реализации ему нужна помощь сына — кассира супермаркета, который к отцу из преисподней имеет массу вопросов. Всевластному Князю Тьмы придётся строить отношения с земными родственниками, чтобы осуществить задуманное и преподать урок человечеству."
Маска,"комедия, фэнтези, криминал",1994,США,7.989,"Скромный и застенчивый служащий банка чувствует себя неуверенно с красивыми девушками и вообще рядом с людьми. Волей судьбы к нему попадает волшебная маска, и Стенли Ипкис приобретает способность превращаться в неуязвимое мультяшное существо с озорным характером."
Мажор. Фильм,"боевик, комедия, криминал",2021,Россия,7.065,"Мажор виртуозно сбегает из тюрьмы и начинает новую жизнь. Игорь Соколовский вливается в светскую тусовку, где все сидят на новом синтетическом наркотике, и его снова окружает сладкая жизнь. Друзья, враги и ФСБ идут по следу Мажора, пытаясь понять, какую игру он затеял и на чьей он стороне."
Дивергент,"фантастика, детектив, боевик, мелодрама",2014,США,6.786,"В антиутопическом Чикаго будущего общество разделено на пять фракций: «Эрудиция», «Дружелюбие», «Искренность», «Отречение» и «Бесстрашие». Каждый житель, достигший 16 лет, должен пройти тест, чтобы определить, к какой фракции он принадлежит.
Юная Беатрис оказывается угрозой для всей сложившейся системы, когда тесты выявляют в ней дивергента — человека, которого невозможно однозначно определить в одну из фракций. Способные мыслить независимо и не питающие особого уважения к правительству, дивергенты одним своим существованием дискредитируют принципы, на которых строится общество. И теперь Беатрис — одна из таких людей, живущих вне закона и борющихся с системой, которая намерена любой ценой от них избавиться."
Молчание ягнят,"триллер, детектив, криминал, драма, ужасы",1990,США,8.332,"Психопат похищает и убивает молодых женщин по всему Среднему Западу. ФБР, уверенное, что все преступления совершены одним и тем же человеком, поручает агенту Клариссе Старлинг встретиться с заключенным-маньяком Ганнибалом Лектером, который мог бы помочь составить психологический портрет убийцы. Сам Лектер отбывает наказание за убийства и каннибализм. Он согласен помочь Клариссе лишь в том случае, если она попотчует его больное воображение подробностями своей личной жизни."
Грань будущего,"фантастика, боевик, приключения",2014,"США, Канада",7.944,"В недалёком будущем раса инопланетян вторгается на Землю. Никакая армия человечества не может им противостоять. Майор Уильям Кейдж умирает в бою, но случается невероятное — он оказывается во временной петле. Раз за разом Кейдж попадает в один и тот же бой, сражается и умирает снова и снова. И каждое повторяющееся сражение приближает его к разгадке того, как победить врага."
Жмурки,"комедия, криминал",2005,Россия,7.302,"Нижний Новгород, 90-е. Два мелких бандита работают на местного криминального авторитета Сергея Михайловича. Однажды Серега и Саймон получают от шефа очередное поручение — привезти химика, специалиста по белому порошку. Парни проваливают задание, однако Сергей Михайлович дает им шанс исправить ситуацию. Для этого бандитам нужно съездить в одну контору и обменять чемодан денег на чемодан наркотиков. Но на выходе парней поджидают конкуренты — Корон, Бала и Баклажан, которых местный «оборотень в погонах» нанял, чтобы кинуть мафиози Михалыча."
Винни Пух,"мультфильм, детский, короткометражка",1969,СССР,8.772,"Первый фильм из серии о забавном медвежонке и его друзьях. Фильм снят по сказке Алана Милна. Глава, в которой происходит знакомство с Винни-Пухом и подозрительными пчелами."
Простоквашино,"мультфильм, детский",2018,Россия,7.799,"Казалось, никакие бури внешнего мира не смогут поколебать привычный и размеренный ход деревенской жизни Простоквашино. Время как будто застыло. Все так же каждое утро Матроскин дегустирует свежее молоко, полученное от своей любимицы - коровы Мурки. Все так же Шарик проводит время в окрестных лесах, «фотоохотясь» на редкую дичь. Правда, теперь он научился выкладывать фотографии своей добычи в интернет. И все так же, при каждой возможности, их навещает Дядя Федор. И тогда они весело и дружно проводят время своей мужской компанией. И когда им уже стало казаться, что так будет всегда, внезапно все изменилось с появлением одной маленькой девочки, родной сестры Дяди Фёдора. И имя этой девочки – Вера Павловна."
Славные парни,"криминал, комедия, боевик",2016,"США, Великобритания",7.295,"Что бывает, когда напарником брутального костолома становится субтильный лопух? Наемный охранник Джексон Хили и частный детектив Холланд Марч вынуждены работать в паре, чтобы распутать плевое дело о пропавшей девушке, которое оборачивается преступлением века.  

Смогут ли парни разгадать сложный ребус, если у каждого из них – свои, весьма индивидуальные методы."
Вызов,драма,2023,Россия,7.882,"Торакальный хирург Женя Беляева за месяц должна подготовиться к космическому полету, чтобы отправиться на МКС и спасти заболевшего космонавта. Ей придётся преодолеть неуверенность и страхи, а также провести сложнейшую операцию в условиях невесомости, от которой зависят шансы космонавта вернуться на Землю живым."
Одержимость,"драма, музыка",2013,США,8.364,"Эндрю мечтает стать великим. Казалось бы, вот-вот его мечта осуществится. Юношу замечает настоящий гений, дирижер лучшего в стране оркестра. Желание Эндрю добиться успеха быстро становится одержимостью, а безжалостный наставник продолжает подталкивать его все дальше и дальше – за пределы человеческих возможностей. Кто выйдет победителем из этой схватки?"
Довод,"фантастика, боевик, триллер",2020,"Великобритания, США",7.524,"После теракта в киевском оперном театре агент ЦРУ объединяется с британской разведкой, чтобы противостоять русскому олигарху, который сколотил состояние на торговле оружием. Для этого агенты используют инверсию времени — технологию будущего, позволяющую времени идти вспять."
Брюс Всемогущий,"фэнтези, комедия, драма",2003,США,7.746,"Пессимист Брюс Нолан — популярный ведущий теленовостей. Его ничего не интересует: ни девушка Грейс, ни собственные репортажи. Но однажды Брюса увольняют. Разочарованный герой бросает вызов Богу и неожиданно получает ответ Всевышнего. Бог предлагает Брюсу поменяться с ним местами на неделю и посмотреть, сможет ли Брюс сделать мир хоть чуточку лучше."
Красная Поляна,комедия,2024,Россия,7.658,"Обаятельная светская авантюристка Саша сбегает из Москвы в Красную Поляну, где её манит соседство моря и гор, пальм и снегов, амбициозных мажоров и безбашенных экстремалов. В попытке обустроиться на новом месте и поживиться на расслабленных отпускниках она тут же попадает в лапы начальника службы безопасности курорта — Михалыча. 
Чтобы сохранить свободу, Саша вынуждена подружиться с персоналом отеля и казино и, став одной из них, вычислить коварных шантажистов, которые заставляют управляющего плясать под свою дудку. Она сбежала от одних проблем, чтобы нарваться на ещё большие и в итоге сделать главный выбор своей жизни: свобода и финансовая независимость или любовь и друзья, которых у неё никогда не было."
Исходный код,"фантастика, боевик, триллер, драма",2011,"США, Канада, Франция, Германия",7.78,"Солдат по имени Коултер мистическим образом оказывается в теле неизвестного мужчины, погибшего в железнодорожной катастрофе. Коултер вынужден переживать чужую смерть снова и снова до тех пор, пока не поймет, кто – зачинщик катастрофы."
В бой идут одни «старики»,"военный, драма, комедия",1973,СССР,8.734,"Эта эскадрилья стала «поющей» - так капитан Титаренко подбирал себе новичков. Его «старикам» было не больше двадцати, но «желторотиков», пополнение из летных училищ ускоренного выпуска, в бой все равно, по возможности, не пускали. 

Им еще многое предстояло испытать - и жар боев, и радость первой победы над врагом, и величие братства, скрепленного кровью, и первую любовь, и горечь утраты... И настанет день, когда по команде «в бой идут одни старики» бывшие желторотики бросятся к своим самолетам..."
Корпорация монстров,"мультфильм, фэнтези, комедия, приключения, семейный",2001,США,8.131,"Склизкий гад в сливном бачке, мохнатый зверь, похожий на чудовище из «Аленького цветочка», гигантские мокрицы под кроватью — все они существуют на самом деле. Все, что им нужно — пугать детей, потому что из детских криков они получают электричество.
Полнометражный мультфильм рассказывает о кризисах в мире монстров, их жизни. Но однажды вся мирная жизнь монстров оказывается под угрозой: в их мир попадает ребенок. А с детьми столько хлопот, что они могут довести даже монстров."
Век Адалин,"драма, мелодрама, фэнтези",2015,"США, Канада",7.91,"Адалин Боуман — столетняя молодая женщина 1908 года рождения. После автокатастрофы и поражения молнией в 1937 году она перестала стареть. Каждые десять лет она меняет личность, документы, работу и окружение. Неизменными спутниками для неё остаются только стареющая дочь, подруга — слепая пианистка, не знающая возраста Адалин, и десятая по счёту собака одной и той же породы. Однажды на праздновании Нового года Адалин встречает симпатичного молодого человека по имени Эллис, ради которого ей хочется перестать убегать."
Острые козырьки,"драма, криминал",2013,Великобритания,8.348,"Британский сериал о криминальном мире Бирмингема 20-х годов прошлого века, в котором многолюдная семья Шелби стала одной из самых жестоких и влиятельных гангстерских банд послевоенного времени. Фирменным знаком группировки, промышлявшей грабежами и азартными играми, стали зашитые в козырьки лезвия."
"Карты, деньги, два ствола","боевик, комедия, криминал",1998,"Великобритания, США",8.56,"Четверо приятелей накопили по 25 тысяч фунтов, чтобы один из них мог сыграть в карты с опытным шулером и матерым преступником, известным по кличке Гарри Топор. Парень проиграл 500 тысяч, на выплату долга ему дали неделю, а в противном случае и ему и его друзьям каждый день будут отрубать по пальцу. Ребята решают ограбить бандитов, решивших ограбить трех ботаников, выращивающих марихуану для местного наркобарона."
Три кота и море приключений,"мультфильм, детский, комедия, семейный",2022,Россия,8.48,"Коржик, Карамелька и Компот вместе с родителями отправляются отдыхать на морской курорт, где их ждут яркие события, полные весёлой суматохи и встреч с новыми друзьями."
Человек-паук: Вдали от дома,"фантастика, фэнтези, боевик, комедия, приключения",2019,"США, Чехия, Австралия, Канада, Италия",7.412,"Питер Паркер вместе с одноклассниками отправляется на летние каникулы в Европу. Однако отдохнуть приятелям вряд ли удастся — по прибытии в Венецию группа попадет в эпицентр сражения. Некое существо, состоящее из воды, появляется из ниоткуда и начинает крушить всё на своём пути, и теперь Питеру придётся спасать европейские архитектурные памятники вместе с загадочным супергероем Мистерио."
Огонь,"драма, боевик",2020,Россия,8.13,"После гибели подчинённого бывалый инструктор бригады пожарных Алексей Соколов хотел было уволиться, но лето в России — жаркая пора. Взяв в команду шестым нахального новичка, парня своей дочери, Соколов отправляется на очередное задание в Карелию. И это задание будет гораздо сложнее, чем он мог себе представить."
Душегубы,"триллер, детектив, криминал",2019,Россия,8.23,"Старший следователь прокуратуры Леонид Ипатьев попадает в эпицентр охоты на самых опасных маньяков Советского Союза. Его работа — не просто расследования, это противостояние со злом, прячущимся под маской добропорядочности."
Я – легенда,"ужасы, драма, боевик",2007,"США, Великобритания",7.874,"Неизвестный вирус унёс жизни половины населения земного шара, а остальную половину превратил в вампиров. Единственный уцелевший человек с иммунитетом к заболеванию ночами держит осаду упырей, а днем пытается найти противоядие и докопаться до причин эпидемии."
Тор: Рагнарёк,"фантастика, фэнтези, боевик, комедия, приключения",2017,США,7.716,"Вернувшись в Асгард в поисках таинственного врага, ведущего охоту на Камни Бесконечности, Тор обнаруживает, что действия его брата Локи, захватившего трон Асгарда, привели к приближению наиболее страшного события - Рагнарёка. По легенде это ознаменует последнюю битву Асгарда, последствием которой станет его полное уничтожение. В попытке предотвратить это событие Тору предстоит прибегнуть к помощи своего товарища из Мстителей - Халка. Вместе им предстоит столкнуться лицом к лицу со злейшим врагом всех девяти миров - огненным демоном Суртуром, целью которого является исполнение пророчества о Рагнарёке и уничтожение девяти миров."
Гарри Поттер и Орден Феникса,"фэнтези, приключения, семейный",2007,"Великобритания, США",7.852,"Гарри проводит свой пятый год в школе Хогвартс и обнаруживает, что многие из членов волшебного сообщества отрицают факт недавнего состязания юного волшебника с воплощением вселенского зла Волдемортом. Все делают вид, что не имеют ни малейшего представления, что злодей вернулся. Однако впереди волшебников ждет необычная схватка."
Гарри Поттер и Принц-полукровка,"фэнтези, приключения, семейный",2009,"Великобритания, США",7.854,"Теперь не только мир волшебников, но и мир маглов ощущает на себе всевозрастающую силу Волан-де-Морта, а Хогвартс уже никак не назовешь надежным убежищем. Гарри подозревает, что в самом замке затаилась некая опасность, но Дамблдор больше сосредоточен на том, чтобы подготовить его к финальной схватке, которая, как он знает, уже не за горами. Вместе они пытаются разгадать секрет бессмертия Волан-де-Морта, а для этого Дамблдор приглашает на должность преподавателя по зельеварению своего старинного друга и коллегу — профессора Горация Слизнорта."
Отель «Гранд Будапешт»,"комедия, приключения, детектив, криминал",2014,"США, Германия",7.956,"Фильм рассказывает об увлекательных приключениях легендарного консьержа Густава и его юного друга, портье Зеро Мустафы. Сотрудники гостиницы становятся свидетелями кражи и поисков бесценных картин эпохи Возрождения, борьбы за огромное состояние богатой семьи и… драматических изменений в Европе между двумя кровопролитными войнами XX века."
Джон Уик,"боевик, триллер, криминал",2014,"США, Китай",7.033,"Джон Уик - на первый взгляд, самый обычный среднестатистический американец, который ведет спокойную мирную жизнь. Однако мало кто знает, что он был наёмным убийцей, причём одним из лучших профессионалов в своём деле.
После того как сынок главы бандитской группы со своими приятелями угоняет его любимый «Мустанг» 1969 года выпуска, при этом убив его собаку Дейзи, которая была подарком недавно почившей супруги, Джон вынужден вернуться к своему прошлому. Теперь Уик начинает охоту за теми, кто имел неосторожность перейти ему дорогу, и он готов на всё, чтобы отомстить."
Еретик,"триллер, ужасы",2024,"США, Канада",6.658,"Церковная миссия приводит двух молодых мормонок к дверям безобидного, на первый взгляд, мистера Рида. Мужчина приглашает их в дом побеседовать о религии, уверяя, что его супруга печёт пирог и скоро к ним присоединится, но девушки начинают подозревать неладное. Улизнуть втихаря не удаётся, и вскоре выяснится, что вместо пирога их ждут изощрённые издевательства и настоящее испытание веры."
12 лет рабства,"драма, биография, история",2013,"Великобритания, США",7.95,"США до Гражданской войны. Семьянин Соломон Нортап живёт и работает в штате Нью-Йорк, когда однажды ему предлагают привлекательную работу в Вашингтоне. По прибытии Соломона похищают, и он становится рабом на долгие 12 лет."
Друзья,"комедия, мелодрама",1994,США,9.227,"Шестеро друзей – Рейчел, Моника, Фиби, Джоуи, Чендлер и Росс – живут по соседству, вместе убивают время, делятся секретами и иногда очень сильно влюбляются."
Казанова,детектив,2020,Россия,8.226,"Москва, 1978 год, канун Олимпийских игр. В Советском Союзе зарегистрировано несколько случаев мошенничества, жертвами которого стали женщины с положением в обществе. Преступника потерпевшие описывают одинаково: обаятельный, интеллигентный мужчина средних лет, с лёгкостью втирается в доверие. 
После попытки самоубийства заместителя председателя райисполкома за расследование резонансного дела берутся капитан милиции Шмаков и старший лейтенант милиции Полина Новгородцева. Запутанное дело перерастает в личную драму, когда Казанова узнаёт, что за ним по пятам идут московские следователи. Он намеревается провернуть привычный трюк, но на этот раз всё развивается по незапланированному сценарию."
Аквамен,"фэнтези, боевик, приключения",2018,США,6.832,"История получеловека-полуатланта Артура Карри, которому предстоит выяснить, достоин ли он быть тем, кем ему суждено по рождению — царём подводного мира."
Загадочная история Бенджамина Баттона,"драма, фэнтези",2008,США,8.075,"Фильм о мужчине, который родился в возрасте 80 лет, а затем… начал молодеть. Этот человек, как и каждый из нас, не мог остановить время. Его путь в ХХI век, берущий свое начало в Новом Орлеане в 1918 году в самом конце Первой Мировой войны, будет столь необычен, что вряд ли мог иметь место в жизни кого-либо другого. Фильм повествует о судьбе уникального человека, о людях и событиях, что ждут его впереди, о любви, которую он обретет и потеряет, о радостях жизни и грусти потерь и о том, что остается с нами вне времени."
Стражи Галактики. Часть 2,"фантастика, боевик, приключения, комедия",2017,США,7.782,"Все в сборе: землянин Питер Квилл (Звездный Лорд), молчаливый громила Дракс, зеленокожая наемница Гамора, живое дерево Грут и говорящий енот. Герои не изменяют себе и с завидной регулярностью продолжают попадать в немыслимые ситуации, выпутываясь из них почти без ущерба (а иногда даже с пользой) для окружающих. На этот раз им предстоит раскрыть одну из самых главных тайн во всей Галактике: кто же на самом деле отец Питера Квилла?"
Список Шиндлера,"биография, история, драма, военный",1993,США,8.851,"Оскар Шиндлер, член национал-социалистической немецкой рабочей партии и преуспевающий промышленник, во время Второй мировой войны спасает евреев от ужасной смерти в концлагерях."
Гордость и предубеждение,"драма, мелодрама",2005,"Великобритания, Франция, США",8.151,"Англия, конец XVIII века. Родители пятерых сестер Беннет озабочены тем, чтобы удачно выдать дочерей замуж. И потому размеренная жизнь солидного семейства переворачивается вверх дном, когда по соседству появляется молодой джентльмен - мистер Бингли... 

Само собой, среди друзей нового соседа оказывается немало утонченных аристократов, которые не прочь поухаживать за очаровательными сестрами. Однако, все не так просто. Своевольная Элизабет знакомится с другом Бингли - красивым и высокомерным мистером Дарси, и между ними разгорается нешуточное противостояние, результатом которого может стать как любовь, так и ненависть..."
Постучись в мою Тверь,"комедия, мелодрама",2024,Россия,7.086,"Городская фифа Алиса приезжает в Тверь, чтобы получить земельный участок на местной ферме. Но владелец Сергей, известный своим скверным характером, не желает его отдавать, несмотря на все её уловки. Не собирается сдаваться и Алиса, решив преодолеть все трудности деревенской жизни."
Отряд самоубийц,"фантастика, боевик, фэнтези, приключения",2016,"США, Канада",6.104,"Правительство решает дать команде суперзлодеев шанс на искупление. Подвох в том, что их отправляют на выполнение миссии, где они, вероятнее всего, погибнут."
Оно,"ужасы, фэнтези, драма, детектив",2017,"США, Канада",7.301,"Когда в городке Дерри штата Мэн начинают пропадать дети, несколько ребят сталкиваются со своими величайшими страхами — не только с группой школьных хулиганов, но со злобным клоуном Пеннивайзом, список жертв которого уходит вглубь веков."
